Player_name,Img,Back_no,Position,Height/Weight,Record
홍창기,https://6ptotvmi5753.edge.naverncp.com/KBO_IMAGE/person/middle/2025/66108.jpg,51,외야수(우투좌타),189cm/94kg,"[{'Year': '2016', 'Team': 'LG', 'Avg': '0.000', 'Hit': '0', 'HomeRun': '0'}, {'Year': '2018', 'Team': 'LG', 'Avg': '0.167', 'Hit': '3', 'HomeRun': '0'}, {'Year': '2019', 'Team': 'LG', 'Avg': '0.250', 'Hit': '6', 'HomeRun': '0'}, {'Year': '2020', 'Team': 'LG', 'Avg': '0.279', 'Hit': '114', 'HomeRun': '5'}, {'Year': '2021', 'Team': 'LG', 'Avg': '0.328', 'Hit': '172', 'HomeRun': '4'}, {'Year': '2022', 'Team': 'LG', 'Avg': '0.286', 'Hit': '125', 'HomeRun': '1'}, {'Year': '2023', 'Team': 'LG', 'Avg': '0.332', 'Hit': '174', 'HomeRun': '1'}, {'Year': '2024', 'Team': 'LG', 'Avg': '0.336', 'Hit': '176', 'HomeRun': '5'}, {'Year': '2025', 'Team': 'LG', 'Avg': '0.269', 'Hit': '36', 'HomeRun': '1'}, {'Avg': '0.310', 'Hit': '806', 'HomeRun': '134'}]"
문보경,https://6ptotvmi5753.edge.naverncp.com/KBO_IMAGE/person/middle/2025/69102.jpg,2,내야수(우투좌타),182cm/88kg,"[{'Year': '2021', 'Team': 'LG', 'Avg': '0.230', 'Hit': '64', 'HomeRun': '8'}, {'Year': '2022', 'Team': 'LG', 'Avg': '0.315', 'Hit': '128', 'HomeRun': '9'}, {'Year': '2023', 'Team': 'LG', 'Avg': '0.301', 'Hit': '141', 'HomeRun': '10'}, {'Year': '2024', 'Team': 'LG', 'Avg': '0.301', 'Hit': '156', 'HomeRun': '22'}, {'Year': '2025', 'Team': 'LG', 'Avg': '0.287', 'Hit': '83', 'HomeRun': '14'}, {'Avg': '0.292', 'Hit': '572', 'HomeRun': '109'}]"
신민재,https://6ptotvmi5753.edge.naverncp.com/KBO_IMAGE/person/middle/2025/65207.jpg,4,내야수(우투좌타),171cm/67kg,"[{'Year': '2019', 'Team': 'LG', 'Avg': '0.235', 'Hit': '19', 'HomeRun': '0'}, {'Year': '2020', 'Team': 'LG', 'Avg': '0.308', 'Hit': '8', 'HomeRun': '0'}, {'Year': '2021', 'Team': 'LG', 'Avg': '0.130', 'Hit': '3', 'HomeRun': '0'}, {'Year': '2022', 'Team': 'LG', 'Avg': '0.000', 'Hit': '0', 'HomeRun': '0'}, {'Year': '2023', 'Team': 'LG', 'Avg': '0.277', 'Hit': '78', 'HomeRun': '0'}, {'Year': '2024', 'Team': 'LG', 'Avg': '0.297', 'Hit': '115', 'HomeRun': '0'}, {'Year': '2025', 'Team': 'LG', 'Avg': '0.286', 'Hit': '63', 'HomeRun': '0'}, {'Avg': '0.280', 'Hit': '286', 'HomeRun': '25'}]"
오스틴,https://6ptotvmi5753.edge.naverncp.com/KBO_IMAGE/person/middle/2025/53123.jpg,23,내야수(우투우타),183cm/97kg,"[{'Year': '2023', 'Team': 'LG', 'Avg': '0.313', 'Hit': '163', 'HomeRun': '23'}, {'Year': '2024', 'Team': 'LG', 'Avg': '0.319', 'Hit': '168', 'HomeRun': '32'}, {'Year': '2025', 'Team': 'LG', 'Avg': '0.272', 'Hit': '72', 'HomeRun': '20'}, {'Avg': '0.307', 'Hit': '403', 'HomeRun': '73'}]"
구본혁,https://6ptotvmi5753.edge.naverncp.com/KBO_IMAGE/person/middle/2025/69100.jpg,6,내야수(우투우타),177cm/75kg,"[{'Year': '2019', 'Team': 'LG', 'Avg': '0.176', 'Hit': '15', 'HomeRun': '1'}, {'Year': '2020', 'Team': 'LG', 'Avg': '0.163', 'Hit': '14', 'HomeRun': '1'}, {'Year': '2021', 'Team': 'LG', 'Avg': '0.132', 'Hit': '5', 'HomeRun': '0'}, {'Year': '2024', 'Team': 'LG', 'Avg': '0.257', 'Hit': '87', 'HomeRun': '2'}, {'Year': '2025', 'Team': 'LG', 'Avg': '0.239', 'Hit': '49', 'HomeRun': '1'}, {'Avg': '0.226', 'Hit': '170', 'HomeRun': '28'}]"
박동원,https://6ptotvmi5753.edge.naverncp.com/KBO_IMAGE/person/middle/2025/79365.jpg,27,포수(우투우타),178cm/92kg,"[{'Year': '2010', 'Team': '넥센', 'Avg': '0.000', 'Hit': '0', 'HomeRun': '0'}, {'Year': '2013', 'Team': '넥센', 'Avg': '0.194', 'Hit': '19', 'HomeRun': '1'}, {'Year': '2014', 'Team': '넥센', 'Avg': '0.253', 'Hit': '44', 'HomeRun': '6'}, {'Year': '2015', 'Team': '넥센', 'Avg': '0.266', 'Hit': '101', 'HomeRun': '14'}, {'Year': '2016', 'Team': '넥센', 'Avg': '0.248', 'Hit': '102', 'HomeRun': '14'}, {'Year': '2017', 'Team': '넥센', 'Avg': '0.270', 'Hit': '69', 'HomeRun': '11'}, {'Year': '2018', 'Team': '넥센', 'Avg': '0.248', 'Hit': '29', 'HomeRun': '6'}, {'Year': '2019', 'Team': '키움', 'Avg': '0.297', 'Hit': '94', 'HomeRun': '10'}, {'Year': '2020', 'Team': '키움', 'Avg': '0.250', 'Hit': '81', 'HomeRun': '12'}, {'Year': '2021', 'Team': '키움', 'Avg': '0.249', 'Hit': '103', 'HomeRun': '22'}, {'Year': '2022', 'Team': 'KIA', 'Avg': '0.242', 'Hit': '93', 'HomeRun': '18'}, {'Year': '2023', 'Team': 'LG', 'Avg': '0.249', 'Hit': '102', 'HomeRun': '20'}, {'Year': '2024', 'Team': 'LG', 'Avg': '0.272', 'Hit': '118', 'HomeRun': '20'}, {'Year': '2025', 'Team': 'LG', 'Avg': '0.278', 'Hit': '67', 'HomeRun': '15'}, {'Avg': '0.258', 'Hit': '1022', 'HomeRun': '190'}]"
김현수,https://6ptotvmi5753.edge.naverncp.com/KBO_IMAGE/person/middle/2025/76290.jpg,22,외야수(우투좌타),188cm/105kg,"[{'Year': '2006', 'Team': '두산', 'Avg': '0.000', 'Hit': '0', 'HomeRun': '0'}, {'Year': '2007', 'Team': '두산', 'Avg': '0.273', 'Hit': '87', 'HomeRun': '5'}, {'Year': '2008', 'Team': '두산', 'Avg': '0.357', 'Hit': '168', 'HomeRun': '9'}, {'Year': '2009', 'Team': '두산', 'Avg': '0.357', 'Hit': '172', 'HomeRun': '23'}, {'Year': '2010', 'Team': '두산', 'Avg': '0.317', 'Hit': '150', 'HomeRun': '24'}, {'Year': '2011', 'Team': '두산', 'Avg': '0.301', 'Hit': '143', 'HomeRun': '13'}, {'Year': '2012', 'Team': '두산', 'Avg': '0.291', 'Hit': '127', 'HomeRun': '7'}, {'Year': '2013', 'Team': '두산', 'Avg': '0.302', 'Hit': '131', 'HomeRun': '16'}, {'Year': '2014', 'Team': '두산', 'Avg': '0.322', 'Hit': '149', 'HomeRun': '17'}, {'Year': '2015', 'Team': '두산', 'Avg': '0.326', 'Hit': '167', 'HomeRun': '28'}, {'Year': '2018', 'Team': 'LG', 'Avg': '0.362', 'Hit': '164', 'HomeRun': '20'}, {'Year': '2019', 'Team': 'LG', 'Avg': '0.304', 'Hit': '160', 'HomeRun': '11'}, {'Year': '2020', 'Team': 'LG', 'Avg': '0.331', 'Hit': '181', 'HomeRun': '22'}, {'Year': '2021', 'Team': 'LG', 'Avg': '0.285', 'Hit': '144', 'HomeRun': '17'}, {'Year': '2022', 'Team': 'LG', 'Avg': '0.286', 'Hit': '150', 'HomeRun': '23'}, {'Year': '2023', 'Team': 'LG', 'Avg': '0.293', 'Hit': '143', 'HomeRun': '6'}, {'Year': '2024', 'Team': 'LG', 'Avg': '0.294', 'Hit': '152', 'HomeRun': '8'}, {'Year': '2025', 'Team': 'LG', 'Avg': '0.307', 'Hit': '84', 'HomeRun': '7'}, {'Avg': '0.313', 'Hit': '2472', 'HomeRun': '463'}]"
박해민,https://6ptotvmi5753.edge.naverncp.com/KBO_IMAGE/person/middle/2025/62415.jpg,17,외야수(우투좌타),180cm/75kg,"[{'Year': '2013', 'Team': '삼성', 'Avg': '-', 'Hit': '0', 'HomeRun': '0'}, {'Year': '2014', 'Team': '삼성', 'Avg': '0.297', 'Hit': '92', 'HomeRun': '1'}, {'Year': '2015', 'Team': '삼성', 'Avg': '0.293', 'Hit': '154', 'HomeRun': '0'}, {'Year': '2016', 'Team': '삼성', 'Avg': '0.300', 'Hit': '169', 'HomeRun': '4'}, {'Year': '2017', 'Team': '삼성', 'Avg': '0.284', 'Hit': '162', 'HomeRun': '7'}, {'Year': '2018', 'Team': '삼성', 'Avg': '0.299', 'Hit': '172', 'HomeRun': '9'}, {'Year': '2019', 'Team': '삼성', 'Avg': '0.239', 'Hit': '121', 'HomeRun': '5'}, {'Year': '2020', 'Team': '삼성', 'Avg': '0.290', 'Hit': '142', 'HomeRun': '11'}, {'Year': '2021', 'Team': '삼성', 'Avg': '0.291', 'Hit': '132', 'HomeRun': '5'}, {'Year': '2022', 'Team': 'LG', 'Avg': '0.289', 'Hit': '165', 'HomeRun': '3'}, {'Year': '2023', 'Team': 'LG', 'Avg': '0.285', 'Hit': '138', 'HomeRun': '6'}, {'Year': '2024', 'Team': 'LG', 'Avg': '0.263', 'Hit': '127', 'HomeRun': '6'}, {'Year': '2025', 'Team': 'LG', 'Avg': '0.267', 'Hit': '67', 'HomeRun': '0'}, {'Avg': '0.284', 'Hit': '1641', 'HomeRun': '228'}]"
오지환,https://6ptotvmi5753.edge.naverncp.com/KBO_IMAGE/person/middle/2025/79109.jpg,10,내야수(우투좌타),185cm/80kg,"[{'Year': '2009', 'Team': 'LG', 'Avg': '0.111', 'Hit': '1', 'HomeRun': '0'}, {'Year': '2010', 'Team': 'LG', 'Avg': '0.241', 'Hit': '85', 'HomeRun': '13'}, {'Year': '2011', 'Team': 'LG', 'Avg': '0.212', 'Hit': '33', 'HomeRun': '2'}, {'Year': '2012', 'Team': 'LG', 'Avg': '0.249', 'Hit': '115', 'HomeRun': '12'}, {'Year': '2013', 'Team': 'LG', 'Avg': '0.256', 'Hit': '113', 'HomeRun': '9'}, {'Year': '2014', 'Team': 'LG', 'Avg': '0.262', 'Hit': '104', 'HomeRun': '8'}, {'Year': '2015', 'Team': 'LG', 'Avg': '0.278', 'Hit': '138', 'HomeRun': '11'}, {'Year': '2016', 'Team': 'LG', 'Avg': '0.280', 'Hit': '110', 'HomeRun': '20'}, {'Year': '2017', 'Team': 'LG', 'Avg': '0.272', 'Hit': '91', 'HomeRun': '8'}, {'Year': '2018', 'Team': 'LG', 'Avg': '0.278', 'Hit': '148', 'HomeRun': '11'}, {'Year': '2019', 'Team': 'LG', 'Avg': '0.252', 'Hit': '119', 'HomeRun': '9'}, {'Year': '2020', 'Team': 'LG', 'Avg': '0.300', 'Hit': '158', 'HomeRun': '10'}, {'Year': '2021', 'Team': 'LG', 'Avg': '0.254', 'Hit': '118', 'HomeRun': '8'}, {'Year': '2022', 'Team': 'LG', 'Avg': '0.269', 'Hit': '133', 'HomeRun': '25'}, {'Year': '2023', 'Team': 'LG', 'Avg': '0.268', 'Hit': '113', 'HomeRun': '8'}, {'Year': '2024', 'Team': 'LG', 'Avg': '0.254', 'Hit': '94', 'HomeRun': '10'}, {'Year': '2025', 'Team': 'LG', 'Avg': '0.212', 'Hit': '41', 'HomeRun': '6'}, {'Avg': '0.263', 'Hit': '1714', 'HomeRun': '334'}]"
이주헌,https://6ptotvmi5753.edge.naverncp.com/KBO_IMAGE/person/middle/2025/52154.jpg,26,포수(우투우타),185cm/92kg,"[{'Year': '2024', 'Team': 'LG', 'Avg': '0.667', 'Hit': '4', 'HomeRun': '0'}, {'Year': '2025', 'Team': 'LG', 'Avg': '0.241', 'Hit': '19', 'HomeRun': '3'}, {'Avg': '0.271', 'Hit': '23', 'HomeRun': '3'}]"
김도영,https://6ptotvmi5753.edge.naverncp.com/KBO_IMAGE/person/middle/2025/52605.jpg,5,내야수(우투우타),183cm/85kg,"[{'Year': '2022', 'Team': 'KIA', 'Avg': '0.237', 'Hit': '53', 'HomeRun': '3'}, {'Year': '2023', 'Team': 'KIA', 'Avg': '0.303', 'Hit': '103', 'HomeRun': '7'}, {'Year': '2024', 'Team': 'KIA', 'Avg': '0.347', 'Hit': '189', 'HomeRun': '38'}, {'Year': '2025', 'Team': 'KIA', 'Avg': '0.330', 'Hit': '33', 'HomeRun': '7'}, {'Avg': '0.313', 'Hit': '378', 'HomeRun': '69'}]"
나성범,https://6ptotvmi5753.edge.naverncp.com/KBO_IMAGE/person/middle/2025/62947.jpg,47,외야수(좌투좌타),183cm/100kg,"[{'Year': '2013', 'Team': 'NC', 'Avg': '0.243', 'Hit': '98', 'HomeRun': '14'}, {'Year': '2014', 'Team': 'NC', 'Avg': '0.329', 'Hit': '157', 'HomeRun': '30'}, {'Year': '2015', 'Team': 'NC', 'Avg': '0.326', 'Hit': '184', 'HomeRun': '28'}, {'Year': '2016', 'Team': 'NC', 'Avg': '0.309', 'Hit': '177', 'HomeRun': '22'}, {'Year': '2017', 'Team': 'NC', 'Avg': '0.347', 'Hit': '173', 'HomeRun': '24'}, {'Year': '2018', 'Team': 'NC', 'Avg': '0.318', 'Hit': '177', 'HomeRun': '23'}, {'Year': '2019', 'Team': 'NC', 'Avg': '0.366', 'Hit': '34', 'HomeRun': '4'}, {'Year': '2020', 'Team': 'NC', 'Avg': '0.324', 'Hit': '170', 'HomeRun': '34'}, {'Year': '2021', 'Team': 'NC', 'Avg': '0.281', 'Hit': '160', 'HomeRun': '33'}, {'Year': '2022', 'Team': 'KIA', 'Avg': '0.320', 'Hit': '180', 'HomeRun': '21'}, {'Year': '2023', 'Team': 'KIA', 'Avg': '0.365', 'Hit': '81', 'HomeRun': '18'}, {'Year': '2024', 'Team': 'KIA', 'Avg': '0.291', 'Hit': '109', 'HomeRun': '21'}, {'Year': '2025', 'Team': 'KIA', 'Avg': '0.226', 'Hit': '21', 'HomeRun': '4'}, {'Avg': '0.312', 'Hit': '1721', 'HomeRun': '346'}]"
김호령,https://6ptotvmi5753.edge.naverncp.com/KBO_IMAGE/person/middle/2025/65653.jpg,27,외야수(우투우타),178cm/85kg,"[{'Year': '2015', 'Team': 'KIA', 'Avg': '0.218', 'Hit': '56', 'HomeRun': '1'}, {'Year': '2016', 'Team': 'KIA', 'Avg': '0.267', 'Hit': '121', 'HomeRun': '8'}, {'Year': '2017', 'Team': 'KIA', 'Avg': '0.267', 'Hit': '24', 'HomeRun': '1'}, {'Year': '2020', 'Team': 'KIA', 'Avg': '0.232', 'Hit': '32', 'HomeRun': '4'}, {'Year': '2021', 'Team': 'KIA', 'Avg': '0.208', 'Hit': '27', 'HomeRun': '4'}, {'Year': '2022', 'Team': 'KIA', 'Avg': '0.273', 'Hit': '21', 'HomeRun': '1'}, {'Year': '2023', 'Team': 'KIA', 'Avg': '0.179', 'Hit': '17', 'HomeRun': '0'}, {'Year': '2024', 'Team': 'KIA', 'Avg': '0.136', 'Hit': '8', 'HomeRun': '1'}, {'Year': '2025', 'Team': 'KIA', 'Avg': '0.254', 'Hit': '32', 'HomeRun': '0'}, {'Avg': '0.237', 'Hit': '338', 'HomeRun': '64'}]"
오선우,https://6ptotvmi5753.edge.naverncp.com/KBO_IMAGE/person/middle/2025/69636.jpg,56,내야수(좌투좌타),186cm/95kg,"[{'Year': '2019', 'Team': 'KIA', 'Avg': '0.151', 'Hit': '8', 'HomeRun': '1'}, {'Year': '2020', 'Team': 'KIA', 'Avg': '0.239', 'Hit': '16', 'HomeRun': '4'}, {'Year': '2021', 'Team': 'KIA', 'Avg': '0.067', 'Hit': '1', 'HomeRun': '0'}, {'Year': '2023', 'Team': 'KIA', 'Avg': '0.179', 'Hit': '5', 'HomeRun': '2'}, {'Year': '2024', 'Team': 'KIA', 'Avg': '0.286', 'Hit': '2', 'HomeRun': '0'}, {'Year': '2025', 'Team': 'KIA', 'Avg': '0.292', 'Hit': '64', 'HomeRun': '8'}, {'Avg': '0.247', 'Hit': '96', 'HomeRun': '13'}]"
박찬호,https://6ptotvmi5753.edge.naverncp.com/KBO_IMAGE/person/middle/2025/64646.jpg,1,내야수(우투우타),178cm/72kg,"[{'Year': '2014', 'Team': 'KIA', 'Avg': '0.091', 'Hit': '2', 'HomeRun': '0'}, {'Year': '2015', 'Team': 'KIA', 'Avg': '0.182', 'Hit': '25', 'HomeRun': '0'}, {'Year': '2016', 'Team': 'KIA', 'Avg': '0.167', 'Hit': '7', 'HomeRun': '0'}, {'Year': '2019', 'Team': 'KIA', 'Avg': '0.260', 'Hit': '131', 'HomeRun': '2'}, {'Year': '2020', 'Team': 'KIA', 'Avg': '0.223', 'Hit': '107', 'HomeRun': '3'}, {'Year': '2021', 'Team': 'KIA', 'Avg': '0.246', 'Hit': '103', 'HomeRun': '1'}, {'Year': '2022', 'Team': 'KIA', 'Avg': '0.272', 'Hit': '134', 'HomeRun': '4'}, {'Year': '2023', 'Team': 'KIA', 'Avg': '0.301', 'Hit': '136', 'HomeRun': '3'}, {'Year': '2024', 'Team': 'KIA', 'Avg': '0.307', 'Hit': '158', 'HomeRun': '5'}, {'Year': '2025', 'Team': 'KIA', 'Avg': '0.287', 'Hit': '81', 'HomeRun': '3'}, {'Avg': '0.264', 'Hit': '884', 'HomeRun': '128'}]"
위즈덤,https://6ptotvmi5753.edge.naverncp.com/KBO_IMAGE/person/middle/2025/55645.jpg,45,내야수(우투우타),188cm/99kg,"[{'Year': '2025', 'Team': 'KIA', 'Avg': '0.265', 'Hit': '59', 'HomeRun': '16'}, {'Avg': '0.265', 'Hit': '59', 'HomeRun': '13'}]"
최원준,https://6ptotvmi5753.edge.naverncp.com/KBO_IMAGE/person/middle/2025/66606.jpg,16,외야수(우투좌타),178cm/85kg,"[{'Year': '2016', 'Team': 'KIA', 'Avg': '0.458', 'Hit': '11', 'HomeRun': '1'}, {'Year': '2017', 'Team': 'KIA', 'Avg': '0.308', 'Hit': '48', 'HomeRun': '3'}, {'Year': '2018', 'Team': 'KIA', 'Avg': '0.272', 'Hit': '82', 'HomeRun': '4'}, {'Year': '2019', 'Team': 'KIA', 'Avg': '0.198', 'Hit': '46', 'HomeRun': '1'}, {'Year': '2020', 'Team': 'KIA', 'Avg': '0.326', 'Hit': '117', 'HomeRun': '2'}, {'Year': '2021', 'Team': 'KIA', 'Avg': '0.295', 'Hit': '174', 'HomeRun': '4'}, {'Year': '2023', 'Team': 'KIA', 'Avg': '0.255', 'Hit': '61', 'HomeRun': '1'}, {'Year': '2024', 'Team': 'KIA', 'Avg': '0.292', 'Hit': '128', 'HomeRun': '9'}, {'Year': '2025', 'Team': 'KIA', 'Avg': '0.223', 'Hit': '46', 'HomeRun': '4'}, {'Avg': '0.280', 'Hit': '713', 'HomeRun': '119'}]"
박재현,https://6ptotvmi5753.edge.naverncp.com/KBO_IMAGE/person/middle/2025/55636.jpg,36,외야수(우투좌타),180cm/73kg,"[{'Year': '2025', 'Team': 'KIA', 'Avg': '0.100', 'Hit': '3', 'HomeRun': '0'}, {'Avg': '0.100', 'Hit': '3', 'HomeRun': '1'}]"
최형우,https://6ptotvmi5753.edge.naverncp.com/KBO_IMAGE/person/middle/2025/72443.jpg,34,외야수(우투좌타),180cm/106kg,"[{'Year': '2002', 'Team': '삼성', 'Avg': '0.400', 'Hit': '2', 'HomeRun': '0'}, {'Year': '2004', 'Team': '삼성', 'Avg': '0.000', 'Hit': '0', 'HomeRun': '0'}, {'Year': '2008', 'Team': '삼성', 'Avg': '0.276', 'Hit': '106', 'HomeRun': '19'}, {'Year': '2009', 'Team': '삼성', 'Avg': '0.284', 'Hit': '118', 'HomeRun': '23'}, {'Year': '2010', 'Team': '삼성', 'Avg': '0.279', 'Hit': '117', 'HomeRun': '24'}, {'Year': '2011', 'Team': '삼성', 'Avg': '0.340', 'Hit': '163', 'HomeRun': '30'}, {'Year': '2012', 'Team': '삼성', 'Avg': '0.271', 'Hit': '125', 'HomeRun': '14'}, {'Year': '2013', 'Team': '삼성', 'Avg': '0.305', 'Hit': '156', 'HomeRun': '29'}, {'Year': '2014', 'Team': '삼성', 'Avg': '0.356', 'Hit': '153', 'HomeRun': '31'}, {'Year': '2015', 'Team': '삼성', 'Avg': '0.318', 'Hit': '174', 'HomeRun': '33'}, {'Year': '2016', 'Team': '삼성', 'Avg': '0.376', 'Hit': '195', 'HomeRun': '31'}, {'Year': '2017', 'Team': 'KIA', 'Avg': '0.342', 'Hit': '176', 'HomeRun': '26'}, {'Year': '2018', 'Team': 'KIA', 'Avg': '0.339', 'Hit': '179', 'HomeRun': '25'}, {'Year': '2019', 'Team': 'KIA', 'Avg': '0.300', 'Hit': '137', 'HomeRun': '17'}, {'Year': '2020', 'Team': 'KIA', 'Avg': '0.354', 'Hit': '185', 'HomeRun': '28'}, {'Year': '2021', 'Team': 'KIA', 'Avg': '0.233', 'Hit': '87', 'HomeRun': '12'}, {'Year': '2022', 'Team': 'KIA', 'Avg': '0.264', 'Hit': '120', 'HomeRun': '14'}, {'Year': '2023', 'Team': 'KIA', 'Avg': '0.302', 'Hit': '130', 'HomeRun': '17'}, {'Year': '2024', 'Team': 'KIA', 'Avg': '0.280', 'Hit': '119', 'HomeRun': '22'}, {'Year': '2025', 'Team': 'KIA', 'Avg': '0.331', 'Hit': '92', 'HomeRun': '14'}, {'Avg': '0.311', 'Hit': '2534', 'HomeRun': '536'}]"
고종욱,https://6ptotvmi5753.edge.naverncp.com/KBO_IMAGE/person/middle/2025/61353.jpg,57,외야수(우투좌타),184cm/83kg,"[{'Year': '2011', 'Team': '넥센', 'Avg': '0.248', 'Hit': '26', 'HomeRun': '1'}, {'Year': '2014', 'Team': '넥센', 'Avg': '0.000', 'Hit': '0', 'HomeRun': '0'}, {'Year': '2015', 'Team': '넥센', 'Avg': '0.310', 'Hit': '126', 'HomeRun': '10'}, {'Year': '2016', 'Team': '넥센', 'Avg': '0.334', 'Hit': '176', 'HomeRun': '8'}, {'Year': '2017', 'Team': '넥센', 'Avg': '0.312', 'Hit': '133', 'HomeRun': '8'}, {'Year': '2018', 'Team': '넥센', 'Avg': '0.279', 'Hit': '92', 'HomeRun': '6'}, {'Year': '2019', 'Team': 'SK', 'Avg': '0.323', 'Hit': '159', 'HomeRun': '3'}, {'Year': '2020', 'Team': 'SK', 'Avg': '0.283', 'Hit': '77', 'HomeRun': '3'}, {'Year': '2021', 'Team': 'SSG', 'Avg': '0.267', 'Hit': '48', 'HomeRun': '2'}, {'Year': '2022', 'Team': 'KIA', 'Avg': '0.283', 'Hit': '30', 'HomeRun': '2'}, {'Year': '2023', 'Team': 'KIA', 'Avg': '0.296', 'Hit': '80', 'HomeRun': '3'}, {'Year': '2024', 'Team': 'KIA', 'Avg': '0.250', 'Hit': '8', 'HomeRun': '1'}, {'Year': '2025', 'Team': 'KIA', 'Avg': '0.405', 'Hit': '15', 'HomeRun': '1'}, {'Avg': '0.304', 'Hit': '970', 'HomeRun': '164'}]"
박병호,https://6ptotvmi5753.edge.naverncp.com/KBO_IMAGE/person/middle/2025/75125.jpg,52,내야수(우투우타),185cm/107kg,"[{'Year': '2005', 'Team': 'LG', 'Avg': '0.190', 'Hit': '31', 'HomeRun': '3'}, {'Year': '2006', 'Team': 'LG', 'Avg': '0.162', 'Hit': '21', 'HomeRun': '5'}, {'Year': '2009', 'Team': 'LG', 'Avg': '0.218', 'Hit': '41', 'HomeRun': '9'}, {'Year': '2010', 'Team': 'LG', 'Avg': '0.188', 'Hit': '30', 'HomeRun': '7'}, {'Year': '2011', 'Team': '넥센', 'Avg': '0.254', 'Hit': '51', 'HomeRun': '13'}, {'Year': '2012', 'Team': '넥센', 'Avg': '0.290', 'Hit': '136', 'HomeRun': '31'}, {'Year': '2013', 'Team': '넥센', 'Avg': '0.318', 'Hit': '143', 'HomeRun': '37'}, {'Year': '2014', 'Team': '넥센', 'Avg': '0.303', 'Hit': '139', 'HomeRun': '52'}, {'Year': '2015', 'Team': '넥센', 'Avg': '0.343', 'Hit': '181', 'HomeRun': '53'}, {'Year': '2018', 'Team': '넥센', 'Avg': '0.345', 'Hit': '138', 'HomeRun': '43'}, {'Year': '2019', 'Team': '키움', 'Avg': '0.280', 'Hit': '121', 'HomeRun': '33'}, {'Year': '2020', 'Team': '키움', 'Avg': '0.223', 'Hit': '69', 'HomeRun': '21'}, {'Year': '2021', 'Team': '키움', 'Avg': '0.227', 'Hit': '93', 'HomeRun': '20'}, {'Year': '2022', 'Team': 'KT', 'Avg': '0.275', 'Hit': '118', 'HomeRun': '35'}, {'Year': '2023', 'Team': 'KT', 'Avg': '0.283', 'Hit': '122', 'HomeRun': '18'}, {'Year': '2024', 'Team': '삼성', 'Avg': '0.231', 'Hit': '81', 'HomeRun': '23'}, {'Year': '2025', 'Team': '삼성', 'Avg': '0.214', 'Hit': '34', 'HomeRun': '15'}, {'Avg': '0.273', 'Hit': '1549', 'HomeRun': '252'}]"
디아즈,https://6ptotvmi5753.edge.naverncp.com/KBO_IMAGE/person/middle/2025/54400.jpg,0,내야수(좌투좌타),188cm/105kg,"[{'Year': '2024', 'Team': '삼성', 'Avg': '0.282', 'Hit': '31', 'HomeRun': '7'}, {'Year': '2025', 'Team': '삼성', 'Avg': '0.292', 'Hit': '93', 'HomeRun': '27'}, {'Avg': '0.290', 'Hit': '124', 'HomeRun': '20'}]"
김성윤,https://6ptotvmi5753.edge.naverncp.com/KBO_IMAGE/person/middle/2025/67449.jpg,39,외야수(좌투좌타),163cm/62kg,"[{'Year': '2017', 'Team': '삼성', 'Avg': '0.083', 'Hit': '1', 'HomeRun': '1'}, {'Year': '2018', 'Team': '삼성', 'Avg': '0.000', 'Hit': '0', 'HomeRun': '0'}, {'Year': '2020', 'Team': '삼성', 'Avg': '0.286', 'Hit': '2', 'HomeRun': '0'}, {'Year': '2021', 'Team': '삼성', 'Avg': '0.167', 'Hit': '3', 'HomeRun': '0'}, {'Year': '2022', 'Team': '삼성', 'Avg': '0.190', 'Hit': '8', 'HomeRun': '1'}, {'Year': '2023', 'Team': '삼성', 'Avg': '0.314', 'Hit': '77', 'HomeRun': '2'}, {'Year': '2024', 'Team': '삼성', 'Avg': '0.243', 'Hit': '18', 'HomeRun': '0'}, {'Year': '2025', 'Team': '삼성', 'Avg': '0.345', 'Hit': '76', 'HomeRun': '2'}, {'Avg': '0.298', 'Hit': '185', 'HomeRun': '29'}]"
김지찬,https://6ptotvmi5753.edge.naverncp.com/KBO_IMAGE/person/middle/2025/50458.jpg,58,외야수(우투좌타),163cm/64kg,"[{'Year': '2020', 'Team': '삼성', 'Avg': '0.232', 'Hit': '59', 'HomeRun': '1'}, {'Year': '2021', 'Team': '삼성', 'Avg': '0.274', 'Hit': '81', 'HomeRun': '1'}, {'Year': '2022', 'Team': '삼성', 'Avg': '0.280', 'Hit': '101', 'HomeRun': '0'}, {'Year': '2023', 'Team': '삼성', 'Avg': '0.292', 'Hit': '85', 'HomeRun': '1'}, {'Year': '2024', 'Team': '삼성', 'Avg': '0.316', 'Hit': '143', 'HomeRun': '3'}, {'Year': '2025', 'Team': '삼성', 'Avg': '0.271', 'Hit': '54', 'HomeRun': '0'}, {'Avg': '0.282', 'Hit': '523', 'HomeRun': '43'}]"
류지혁,https://6ptotvmi5753.edge.naverncp.com/KBO_IMAGE/person/middle/2025/62234.jpg,16,내야수(우투좌타),181cm/75kg,"[{'Year': '2012', 'Team': '두산', 'Avg': '1.000', 'Hit': '1', 'HomeRun': '0'}, {'Year': '2015', 'Team': '두산', 'Avg': '0.200', 'Hit': '1', 'HomeRun': '0'}, {'Year': '2016', 'Team': '두산', 'Avg': '0.288', 'Hit': '34', 'HomeRun': '3'}, {'Year': '2017', 'Team': '두산', 'Avg': '0.259', 'Hit': '77', 'HomeRun': '3'}, {'Year': '2018', 'Team': '두산', 'Avg': '0.268', 'Hit': '61', 'HomeRun': '1'}, {'Year': '2019', 'Team': '두산', 'Avg': '0.250', 'Hit': '69', 'HomeRun': '0'}, {'Year': '2020', 'Team': 'KIA', 'Avg': '0.381', 'Hit': '16', 'HomeRun': '1'}, {'Year': '2021', 'Team': 'KIA', 'Avg': '0.278', 'Hit': '76', 'HomeRun': '2'}, {'Year': '2022', 'Team': 'KIA', 'Avg': '0.274', 'Hit': '111', 'HomeRun': '2'}, {'Year': '2023', 'Team': '삼성', 'Avg': '0.268', 'Hit': '122', 'HomeRun': '2'}, {'Year': '2024', 'Team': '삼성', 'Avg': '0.258', 'Hit': '78', 'HomeRun': '3'}, {'Year': '2025', 'Team': '삼성', 'Avg': '0.286', 'Hit': '68', 'HomeRun': '1'}, {'Avg': '0.270', 'Hit': '714', 'HomeRun': '90'}]"
구자욱,https://6ptotvmi5753.edge.naverncp.com/KBO_IMAGE/person/middle/2025/62404.jpg,5,외야수(우투좌타),189cm/75kg,"[{'Year': '2015', 'Team': '삼성', 'Avg': '0.349', 'Hit': '143', 'HomeRun': '11'}, {'Year': '2016', 'Team': '삼성', 'Avg': '0.343', 'Hit': '147', 'HomeRun': '14'}, {'Year': '2017', 'Team': '삼성', 'Avg': '0.310', 'Hit': '175', 'HomeRun': '21'}, {'Year': '2018', 'Team': '삼성', 'Avg': '0.333', 'Hit': '159', 'HomeRun': '20'}, {'Year': '2019', 'Team': '삼성', 'Avg': '0.267', 'Hit': '127', 'HomeRun': '15'}, {'Year': '2020', 'Team': '삼성', 'Avg': '0.307', 'Hit': '137', 'HomeRun': '15'}, {'Year': '2021', 'Team': '삼성', 'Avg': '0.306', 'Hit': '166', 'HomeRun': '22'}, {'Year': '2022', 'Team': '삼성', 'Avg': '0.293', 'Hit': '120', 'HomeRun': '5'}, {'Year': '2023', 'Team': '삼성', 'Avg': '0.336', 'Hit': '152', 'HomeRun': '11'}, {'Year': '2024', 'Team': '삼성', 'Avg': '0.343', 'Hit': '169', 'HomeRun': '33'}, {'Year': '2025', 'Team': '삼성', 'Avg': '0.277', 'Hit': '83', 'HomeRun': '12'}, {'Avg': '0.316', 'Hit': '1578', 'HomeRun': '320'}]"
이재현,https://6ptotvmi5753.edge.naverncp.com/KBO_IMAGE/person/middle/2025/52415.jpg,7,내야수(우투우타),180cm/82kg,"[{'Year': '2022', 'Team': '삼성', 'Avg': '0.235', 'Hit': '54', 'HomeRun': '7'}, {'Year': '2023', 'Team': '삼성', 'Avg': '0.249', 'Hit': '114', 'HomeRun': '12'}, {'Year': '2024', 'Team': '삼성', 'Avg': '0.260', 'Hit': '101', 'HomeRun': '14'}, {'Year': '2025', 'Team': '삼성', 'Avg': '0.239', 'Hit': '60', 'HomeRun': '8'}, {'Avg': '0.248', 'Hit': '329', 'HomeRun': '53'}]"
강민호,https://6ptotvmi5753.edge.naverncp.com/KBO_IMAGE/person/middle/2025/74540.jpg,47,포수(우투우타),185cm/100kg,"[{'Year': '2004', 'Team': '롯데', 'Avg': '0.000', 'Hit': '0', 'HomeRun': '0'}, {'Year': '2005', 'Team': '롯데', 'Avg': '0.243', 'Hit': '52', 'HomeRun': '2'}, {'Year': '2006', 'Team': '롯데', 'Avg': '0.251', 'Hit': '103', 'HomeRun': '9'}, {'Year': '2007', 'Team': '롯데', 'Avg': '0.271', 'Hit': '112', 'HomeRun': '14'}, {'Year': '2008', 'Team': '롯데', 'Avg': '0.292', 'Hit': '127', 'HomeRun': '19'}, {'Year': '2009', 'Team': '롯데', 'Avg': '0.260', 'Hit': '68', 'HomeRun': '9'}, {'Year': '2010', 'Team': '롯데', 'Avg': '0.305', 'Hit': '125', 'HomeRun': '23'}, {'Year': '2011', 'Team': '롯데', 'Avg': '0.289', 'Hit': '130', 'HomeRun': '19'}, {'Year': '2012', 'Team': '롯데', 'Avg': '0.273', 'Hit': '109', 'HomeRun': '19'}, {'Year': '2013', 'Team': '롯데', 'Avg': '0.235', 'Hit': '77', 'HomeRun': '11'}, {'Year': '2014', 'Team': '롯데', 'Avg': '0.229', 'Hit': '71', 'HomeRun': '16'}, {'Year': '2015', 'Team': '롯데', 'Avg': '0.311', 'Hit': '118', 'HomeRun': '35'}, {'Year': '2016', 'Team': '롯데', 'Avg': '0.323', 'Hit': '123', 'HomeRun': '20'}, {'Year': '2017', 'Team': '롯데', 'Avg': '0.285', 'Hit': '130', 'HomeRun': '22'}, {'Year': '2018', 'Team': '삼성', 'Avg': '0.269', 'Hit': '115', 'HomeRun': '22'}, {'Year': '2019', 'Team': '삼성', 'Avg': '0.234', 'Hit': '81', 'HomeRun': '13'}, {'Year': '2020', 'Team': '삼성', 'Avg': '0.287', 'Hit': '102', 'HomeRun': '19'}, {'Year': '2021', 'Team': '삼성', 'Avg': '0.291', 'Hit': '118', 'HomeRun': '18'}, {'Year': '2022', 'Team': '삼성', 'Avg': '0.258', 'Hit': '102', 'HomeRun': '13'}, {'Year': '2023', 'Team': '삼성', 'Avg': '0.290', 'Hit': '126', 'HomeRun': '16'}, {'Year': '2024', 'Team': '삼성', 'Avg': '0.303', 'Hit': '122', 'HomeRun': '19'}, {'Year': '2025', 'Team': '삼성', 'Avg': '0.269', 'Hit': '63', 'HomeRun': '6'}, {'Avg': '0.277', 'Hit': '2174', 'HomeRun': '388'}]"
김영웅,https://6ptotvmi5753.edge.naverncp.com/KBO_IMAGE/person/middle/2025/52430.jpg,30,내야수(우투좌타),183cm/81kg,"[{'Year': '2022', 'Team': '삼성', 'Avg': '0.133', 'Hit': '2', 'HomeRun': '1'}, {'Year': '2023', 'Team': '삼성', 'Avg': '0.187', 'Hit': '17', 'HomeRun': '2'}, {'Year': '2024', 'Team': '삼성', 'Avg': '0.252', 'Hit': '115', 'HomeRun': '28'}, {'Year': '2025', 'Team': '삼성', 'Avg': '0.237', 'Hit': '55', 'HomeRun': '8'}, {'Avg': '0.238', 'Hit': '189', 'HomeRun': '32'}]"
유강남,https://6ptotvmi5753.edge.naverncp.com/KBO_IMAGE/person/middle/2025/61102.jpg,27,포수(우투우타),182cm/88kg,"[{'Year': '2011', 'Team': 'LG', 'Avg': '0.000', 'Hit': '0', 'HomeRun': '0'}, {'Year': '2012', 'Team': 'LG', 'Avg': '0.125', 'Hit': '3', 'HomeRun': '0'}, {'Year': '2015', 'Team': 'LG', 'Avg': '0.272', 'Hit': '76', 'HomeRun': '8'}, {'Year': '2016', 'Team': 'LG', 'Avg': '0.266', 'Hit': '70', 'HomeRun': '8'}, {'Year': '2017', 'Team': 'LG', 'Avg': '0.278', 'Hit': '90', 'HomeRun': '17'}, {'Year': '2018', 'Team': 'LG', 'Avg': '0.296', 'Hit': '126', 'HomeRun': '19'}, {'Year': '2019', 'Team': 'LG', 'Avg': '0.270', 'Hit': '113', 'HomeRun': '16'}, {'Year': '2020', 'Team': 'LG', 'Avg': '0.261', 'Hit': '112', 'HomeRun': '16'}, {'Year': '2021', 'Team': 'LG', 'Avg': '0.252', 'Hit': '100', 'HomeRun': '11'}, {'Year': '2022', 'Team': 'LG', 'Avg': '0.255', 'Hit': '106', 'HomeRun': '8'}, {'Year': '2023', 'Team': '롯데', 'Avg': '0.261', 'Hit': '92', 'HomeRun': '10'}, {'Year': '2024', 'Team': '롯데', 'Avg': '0.191', 'Hit': '26', 'HomeRun': '5'}, {'Year': '2025', 'Team': '롯데', 'Avg': '0.291', 'Hit': '44', 'HomeRun': '4'}, {'Avg': '0.265', 'Hit': '958', 'HomeRun': '163'}]"
정보근,https://6ptotvmi5753.edge.naverncp.com/KBO_IMAGE/person/middle/2025/68518.jpg,42,포수(우투우타),175cm/89kg,"[{'Year': '2019', 'Team': '롯데', 'Avg': '0.125', 'Hit': '4', 'HomeRun': '0'}, {'Year': '2020', 'Team': '롯데', 'Avg': '0.150', 'Hit': '20', 'HomeRun': '0'}, {'Year': '2021', 'Team': '롯데', 'Avg': '0.278', 'Hit': '5', 'HomeRun': '0'}, {'Year': '2022', 'Team': '롯데', 'Avg': '0.191', 'Hit': '38', 'HomeRun': '1'}, {'Year': '2023', 'Team': '롯데', 'Avg': '0.333', 'Hit': '27', 'HomeRun': '1'}, {'Year': '2024', 'Team': '롯데', 'Avg': '0.226', 'Hit': '30', 'HomeRun': '2'}, {'Year': '2025', 'Team': '롯데', 'Avg': '0.212', 'Hit': '24', 'HomeRun': '1'}, {'Avg': '0.209', 'Hit': '148', 'HomeRun': '14'}]"
전민재,https://6ptotvmi5753.edge.naverncp.com/KBO_IMAGE/person/middle/2025/68205.jpg,13,내야수(우투우타),181cm/73kg,"[{'Year': '2018', 'Team': '두산', 'Avg': '0.375', 'Hit': '3', 'HomeRun': '0'}, {'Year': '2019', 'Team': '두산', 'Avg': '-', 'Hit': '0', 'HomeRun': '0'}, {'Year': '2021', 'Team': '두산', 'Avg': '0.250', 'Hit': '1', 'HomeRun': '0'}, {'Year': '2022', 'Team': '두산', 'Avg': '0.289', 'Hit': '13', 'HomeRun': '0'}, {'Year': '2023', 'Team': '두산', 'Avg': '0.235', 'Hit': '4', 'HomeRun': '0'}, {'Year': '2024', 'Team': '두산', 'Avg': '0.246', 'Hit': '61', 'HomeRun': '2'}, {'Year': '2025', 'Team': '롯데', 'Avg': '0.316', 'Hit': '74', 'HomeRun': '3'}, {'Avg': '0.281', 'Hit': '156', 'HomeRun': '21'}]"
김민성,https://6ptotvmi5753.edge.naverncp.com/KBO_IMAGE/person/middle/2025/77564.jpg,16,내야수(우투우타),181cm/94kg,"[{'Year': '2007', 'Team': '롯데', 'Avg': '0.000', 'Hit': '0', 'HomeRun': '0'}, {'Year': '2008', 'Team': '롯데', 'Avg': '0.200', 'Hit': '5', 'HomeRun': '0'}, {'Year': '2009', 'Team': '롯데', 'Avg': '0.248', 'Hit': '81', 'HomeRun': '4'}, {'Year': '2010', 'Team': '넥센', 'Avg': '0.200', 'Hit': '36', 'HomeRun': '2'}, {'Year': '2011', 'Team': '넥센', 'Avg': '0.236', 'Hit': '74', 'HomeRun': '4'}, {'Year': '2012', 'Team': '넥센', 'Avg': '0.283', 'Hit': '62', 'HomeRun': '4'}, {'Year': '2013', 'Team': '넥센', 'Avg': '0.282', 'Hit': '129', 'HomeRun': '15'}, {'Year': '2014', 'Team': '넥센', 'Avg': '0.292', 'Hit': '128', 'HomeRun': '12'}, {'Year': '2015', 'Team': '넥센', 'Avg': '0.303', 'Hit': '135', 'HomeRun': '16'}, {'Year': '2016', 'Team': '넥센', 'Avg': '0.306', 'Hit': '156', 'HomeRun': '17'}, {'Year': '2017', 'Team': '넥센', 'Avg': '0.282', 'Hit': '133', 'HomeRun': '15'}, {'Year': '2018', 'Team': '넥센', 'Avg': '0.283', 'Hit': '117', 'HomeRun': '10'}, {'Year': '2019', 'Team': 'LG', 'Avg': '0.260', 'Hit': '94', 'HomeRun': '8'}, {'Year': '2020', 'Team': 'LG', 'Avg': '0.266', 'Hit': '79', 'HomeRun': '5'}, {'Year': '2021', 'Team': 'LG', 'Avg': '0.222', 'Hit': '80', 'HomeRun': '8'}, {'Year': '2022', 'Team': 'LG', 'Avg': '0.207', 'Hit': '29', 'HomeRun': '3'}, {'Year': '2023', 'Team': 'LG', 'Avg': '0.249', 'Hit': '68', 'HomeRun': '8'}, {'Year': '2024', 'Team': '롯데', 'Avg': '0.200', 'Hit': '14', 'HomeRun': '2'}, {'Year': '2025', 'Team': '롯데', 'Avg': '0.253', 'Hit': '37', 'HomeRun': '2'}, {'Avg': '0.267', 'Hit': '1457', 'HomeRun': '292'}]"
이호준,https://6ptotvmi5753.edge.naverncp.com/KBO_IMAGE/person/middle/2025/54598.jpg,30,내야수(우투좌타),172cm/72kg,"[{'Year': '2024', 'Team': '롯데', 'Avg': '0.333', 'Hit': '2', 'HomeRun': '0'}, {'Year': '2025', 'Team': '롯데', 'Avg': '0.235', 'Hit': '16', 'HomeRun': '0'}, {'Avg': '0.243', 'Hit': '18', 'HomeRun': '4'}]"
나승엽,https://6ptotvmi5753.edge.naverncp.com/KBO_IMAGE/person/middle/2025/51551.jpg,51,내야수(우투좌타),190cm/82kg,"[{'Year': '2021', 'Team': '롯데', 'Avg': '0.204', 'Hit': '23', 'HomeRun': '2'}, {'Year': '2024', 'Team': '롯데', 'Avg': '0.312', 'Hit': '127', 'HomeRun': '7'}, {'Year': '2025', 'Team': '롯데', 'Avg': '0.240', 'Hit': '53', 'HomeRun': '8'}, {'Avg': '0.274', 'Hit': '203', 'HomeRun': '46'}]"
박승욱,https://6ptotvmi5753.edge.naverncp.com/KBO_IMAGE/person/middle/2025/62802.jpg,53,내야수(우투좌타),184cm/83kg,"[{'Year': '2012', 'Team': 'SK', 'Avg': '0.000', 'Hit': '0', 'HomeRun': '0'}, {'Year': '2013', 'Team': 'SK', 'Avg': '0.200', 'Hit': '5', 'HomeRun': '0'}, {'Year': '2016', 'Team': 'SK', 'Avg': '0.276', 'Hit': '24', 'HomeRun': '3'}, {'Year': '2017', 'Team': 'SK', 'Avg': '0.203', 'Hit': '32', 'HomeRun': '3'}, {'Year': '2018', 'Team': 'SK', 'Avg': '0.308', 'Hit': '20', 'HomeRun': '0'}, {'Year': '2019', 'Team': 'KT', 'Avg': '0.233', 'Hit': '52', 'HomeRun': '3'}, {'Year': '2020', 'Team': 'KT', 'Avg': '0.264', 'Hit': '29', 'HomeRun': '1'}, {'Year': '2021', 'Team': 'KT', 'Avg': '0.333', 'Hit': '2', 'HomeRun': '0'}, {'Year': '2022', 'Team': '롯데', 'Avg': '0.227', 'Hit': '45', 'HomeRun': '1'}, {'Year': '2023', 'Team': '롯데', 'Avg': '0.286', 'Hit': '83', 'HomeRun': '0'}, {'Year': '2024', 'Team': '롯데', 'Avg': '0.262', 'Hit': '106', 'HomeRun': '7'}, {'Year': '2025', 'Team': '롯데', 'Avg': '0.088', 'Hit': '3', 'HomeRun': '0'}, {'Avg': '0.250', 'Hit': '401', 'HomeRun': '62'}]"
한태양,https://6ptotvmi5753.edge.naverncp.com/KBO_IMAGE/person/middle/2025/52568.jpg,6,내야수(우투우타),181cm/76kg,"[{'Year': '2022', 'Team': '롯데', 'Avg': '0.148', 'Hit': '9', 'HomeRun': '0'}, {'Year': '2025', 'Team': '롯데', 'Avg': '0.315', 'Hit': '17', 'HomeRun': '0'}, {'Avg': '0.226', 'Hit': '26', 'HomeRun': '7'}]"
레이예스,https://6ptotvmi5753.edge.naverncp.com/KBO_IMAGE/person/middle/2025/54529.jpg,29,외야수(우투양타),196cm/87kg,"[{'Year': '2024', 'Team': '롯데', 'Avg': '0.352', 'Hit': '202', 'HomeRun': '15'}, {'Year': '2025', 'Team': '롯데', 'Avg': '0.343', 'Hit': '115', 'HomeRun': '9'}, {'Avg': '0.349', 'Hit': '317', 'HomeRun': '67'}]"
전준우,https://6ptotvmi5753.edge.naverncp.com/KBO_IMAGE/person/middle/2025/78513.jpg,8,외야수(우투우타),184cm/98kg,"[{'Year': '2008', 'Team': '롯데', 'Avg': '0.100', 'Hit': '3', 'HomeRun': '0'}, {'Year': '2009', 'Team': '롯데', 'Avg': '0.220', 'Hit': '13', 'HomeRun': '2'}, {'Year': '2010', 'Team': '롯데', 'Avg': '0.289', 'Hit': '101', 'HomeRun': '19'}, {'Year': '2011', 'Team': '롯데', 'Avg': '0.301', 'Hit': '162', 'HomeRun': '11'}, {'Year': '2012', 'Team': '롯데', 'Avg': '0.253', 'Hit': '116', 'HomeRun': '7'}, {'Year': '2013', 'Team': '롯데', 'Avg': '0.275', 'Hit': '125', 'HomeRun': '7'}, {'Year': '2014', 'Team': '롯데', 'Avg': '0.292', 'Hit': '121', 'HomeRun': '14'}, {'Year': '2016', 'Team': '롯데', 'Avg': '0.253', 'Hit': '25', 'HomeRun': '2'}, {'Year': '2017', 'Team': '롯데', 'Avg': '0.321', 'Hit': '146', 'HomeRun': '18'}, {'Year': '2018', 'Team': '롯데', 'Avg': '0.342', 'Hit': '190', 'HomeRun': '33'}, {'Year': '2019', 'Team': '롯데', 'Avg': '0.301', 'Hit': '164', 'HomeRun': '22'}, {'Year': '2020', 'Team': '롯데', 'Avg': '0.279', 'Hit': '157', 'HomeRun': '26'}, {'Year': '2021', 'Team': '롯데', 'Avg': '0.348', 'Hit': '192', 'HomeRun': '7'}, {'Year': '2022', 'Team': '롯데', 'Avg': '0.304', 'Hit': '143', 'HomeRun': '11'}, {'Year': '2023', 'Team': '롯데', 'Avg': '0.312', 'Hit': '154', 'HomeRun': '17'}, {'Year': '2024', 'Team': '롯데', 'Avg': '0.293', 'Hit': '124', 'HomeRun': '17'}, {'Year': '2025', 'Team': '롯데', 'Avg': '0.293', 'Hit': '90', 'HomeRun': '7'}, {'Avg': '0.299', 'Hit': '2026', 'HomeRun': '409'}]"
김건희,https://6ptotvmi5753.edge.naverncp.com/KBO_IMAGE/person/middle/2025/53312.jpg,12,포수(우투우타),186cm/96kg,"[{'Year': '2023', 'Team': '키움', 'Avg': '0.182', 'Hit': '2', 'HomeRun': '0'}, {'Year': '2024', 'Team': '키움', 'Avg': '0.257', 'Hit': '67', 'HomeRun': '9'}, {'Year': '2025', 'Team': '키움', 'Avg': '0.221', 'Hit': '32', 'HomeRun': '1'}, {'Avg': '0.242', 'Hit': '101', 'HomeRun': '23'}]"
김동헌,https://6ptotvmi5753.edge.naverncp.com/KBO_IMAGE/person/middle/2025/53344.jpg,47,포수(우투우타),182cm/91kg,"[{'Year': '2023', 'Team': '키움', 'Avg': '0.242', 'Hit': '51', 'HomeRun': '2'}, {'Year': '2024', 'Team': '키움', 'Avg': '0.200', 'Hit': '1', 'HomeRun': '0'}, {'Year': '2025', 'Team': '키움', 'Avg': '0.230', 'Hit': '14', 'HomeRun': '0'}, {'Avg': '0.238', 'Hit': '66', 'HomeRun': '6'}]"
김태진,https://6ptotvmi5753.edge.naverncp.com/KBO_IMAGE/person/middle/2025/64984.jpg,1,내야수(우투좌타),169cm/73kg,"[{'Year': '2015', 'Team': 'NC', 'Avg': '0.000', 'Hit': '0', 'HomeRun': '0'}, {'Year': '2016', 'Team': 'NC', 'Avg': '0.500', 'Hit': '1', 'HomeRun': '0'}, {'Year': '2018', 'Team': 'NC', 'Avg': '0.355', 'Hit': '11', 'HomeRun': '1'}, {'Year': '2019', 'Team': 'NC', 'Avg': '0.275', 'Hit': '103', 'HomeRun': '5'}, {'Year': '2020', 'Team': 'KIA', 'Avg': '0.236', 'Hit': '62', 'HomeRun': '1'}, {'Year': '2021', 'Team': 'KIA', 'Avg': '0.276', 'Hit': '105', 'HomeRun': '1'}, {'Year': '2022', 'Team': '키움', 'Avg': '0.268', 'Hit': '68', 'HomeRun': '0'}, {'Year': '2023', 'Team': '키움', 'Avg': '0.275', 'Hit': '55', 'HomeRun': '0'}, {'Year': '2024', 'Team': '키움', 'Avg': '0.222', 'Hit': '42', 'HomeRun': '0'}, {'Year': '2025', 'Team': '키움', 'Avg': '0.255', 'Hit': '42', 'HomeRun': '3'}, {'Avg': '0.263', 'Hit': '489', 'HomeRun': '56'}]"
어준서,https://6ptotvmi5753.edge.naverncp.com/KBO_IMAGE/person/middle/2025/55392.jpg,92,내야수(우투좌타),183cm/87kg,"[{'Year': '2025', 'Team': '키움', 'Avg': '0.242', 'Hit': '38', 'HomeRun': '2'}, {'Avg': '0.242', 'Hit': '38', 'HomeRun': '4'}]"
이주형,https://6ptotvmi5753.edge.naverncp.com/KBO_IMAGE/person/middle/2025/50167.jpg,2,외야수(우투좌타),181cm/80kg,"[{'Year': '2021', 'Team': 'LG', 'Avg': '0.125', 'Hit': '2', 'HomeRun': '0'}, {'Year': '2023', 'Team': '키움', 'Avg': '0.326', 'Hit': '70', 'HomeRun': '6'}, {'Year': '2024', 'Team': '키움', 'Avg': '0.266', 'Hit': '126', 'HomeRun': '13'}, {'Year': '2025', 'Team': '키움', 'Avg': '0.247', 'Hit': '59', 'HomeRun': '8'}, {'Avg': '0.273', 'Hit': '257', 'HomeRun': '41'}]"
송성문,https://6ptotvmi5753.edge.naverncp.com/KBO_IMAGE/person/middle/2025/65357.jpg,24,내야수(우투좌타),183cm/88kg,"[{'Year': '2015', 'Team': '넥센', 'Avg': '0.250', 'Hit': '3', 'HomeRun': '0'}, {'Year': '2017', 'Team': '넥센', 'Avg': '0.273', 'Hit': '21', 'HomeRun': '1'}, {'Year': '2018', 'Team': '넥센', 'Avg': '0.313', 'Hit': '66', 'HomeRun': '7'}, {'Year': '2019', 'Team': '키움', 'Avg': '0.227', 'Hit': '70', 'HomeRun': '3'}, {'Year': '2021', 'Team': '키움', 'Avg': '0.249', 'Hit': '61', 'HomeRun': '6'}, {'Year': '2022', 'Team': '키움', 'Avg': '0.247', 'Hit': '135', 'HomeRun': '13'}, {'Year': '2023', 'Team': '키움', 'Avg': '0.263', 'Hit': '102', 'HomeRun': '5'}, {'Year': '2024', 'Team': '키움', 'Avg': '0.340', 'Hit': '179', 'HomeRun': '19'}, {'Year': '2025', 'Team': '키움', 'Avg': '0.286', 'Hit': '95', 'HomeRun': '14'}, {'Avg': '0.277', 'Hit': '732', 'HomeRun': '127'}]"
임지열,https://6ptotvmi5753.edge.naverncp.com/KBO_IMAGE/person/middle/2025/64340.jpg,29,외야수(우투우타),180cm/94kg,"[{'Year': '2019', 'Team': '키움', 'Avg': '0.133', 'Hit': '2', 'HomeRun': '0'}, {'Year': '2020', 'Team': '키움', 'Avg': '1.000', 'Hit': '1', 'HomeRun': '0'}, {'Year': '2021', 'Team': '키움', 'Avg': '0.120', 'Hit': '3', 'HomeRun': '0'}, {'Year': '2022', 'Team': '키움', 'Avg': '0.275', 'Hit': '36', 'HomeRun': '1'}, {'Year': '2023', 'Team': '키움', 'Avg': '0.259', 'Hit': '55', 'HomeRun': '5'}, {'Year': '2024', 'Team': '키움', 'Avg': '0.102', 'Hit': '5', 'HomeRun': '1'}, {'Year': '2025', 'Team': '키움', 'Avg': '0.276', 'Hit': '37', 'HomeRun': '5'}, {'Avg': '0.245', 'Hit': '139', 'HomeRun': '18'}]"
최주환,https://6ptotvmi5753.edge.naverncp.com/KBO_IMAGE/person/middle/2025/76267.jpg,53,내야수(우투좌타),177cm/73kg,"[{'Year': '2006', 'Team': '두산', 'Avg': '0.000', 'Hit': '0', 'HomeRun': '0'}, {'Year': '2007', 'Team': '두산', 'Avg': '0.000', 'Hit': '0', 'HomeRun': '0'}, {'Year': '2008', 'Team': '두산', 'Avg': '0.267', 'Hit': '4', 'HomeRun': '0'}, {'Year': '2009', 'Team': '두산', 'Avg': '0.000', 'Hit': '0', 'HomeRun': '0'}, {'Year': '2012', 'Team': '두산', 'Avg': '0.271', 'Hit': '57', 'HomeRun': '2'}, {'Year': '2013', 'Team': '두산', 'Avg': '0.297', 'Hit': '27', 'HomeRun': '2'}, {'Year': '2014', 'Team': '두산', 'Avg': '0.280', 'Hit': '53', 'HomeRun': '4'}, {'Year': '2015', 'Team': '두산', 'Avg': '0.282', 'Hit': '67', 'HomeRun': '5'}, {'Year': '2016', 'Team': '두산', 'Avg': '0.281', 'Hit': '45', 'HomeRun': '2'}, {'Year': '2017', 'Team': '두산', 'Avg': '0.301', 'Hit': '120', 'HomeRun': '7'}, {'Year': '2018', 'Team': '두산', 'Avg': '0.333', 'Hit': '173', 'HomeRun': '26'}, {'Year': '2019', 'Team': '두산', 'Avg': '0.277', 'Hit': '79', 'HomeRun': '4'}, {'Year': '2020', 'Team': '두산', 'Avg': '0.306', 'Hit': '156', 'HomeRun': '16'}, {'Year': '2021', 'Team': 'SSG', 'Avg': '0.256', 'Hit': '104', 'HomeRun': '18'}, {'Year': '2022', 'Team': 'SSG', 'Avg': '0.211', 'Hit': '63', 'HomeRun': '9'}, {'Year': '2023', 'Team': 'SSG', 'Avg': '0.235', 'Hit': '100', 'HomeRun': '20'}, {'Year': '2024', 'Team': '키움', 'Avg': '0.257', 'Hit': '124', 'HomeRun': '13'}, {'Year': '2025', 'Team': '키움', 'Avg': '0.262', 'Hit': '79', 'HomeRun': '6'}, {'Avg': '0.275', 'Hit': '1251', 'HomeRun': '254'}]"
카디네스,https://6ptotvmi5753.edge.naverncp.com/KBO_IMAGE/person/middle/2025/54444.jpg,4,외야수(우투우타),185cm/93kg,"[{'Year': '2024', 'Team': '삼성', 'Avg': '0.333', 'Hit': '8', 'HomeRun': '2'}, {'Year': '2025', 'Team': '키움', 'Avg': '0.238', 'Hit': '45', 'HomeRun': '5'}, {'Avg': '0.249', 'Hit': '53', 'HomeRun': '10'}]"
플로리얼,https://6ptotvmi5753.edge.naverncp.com/KBO_IMAGE/person/middle/2025/55734.jpg,34,외야수(우투좌타),185cm/88kg,"[{'Year': '2025', 'Team': '한화', 'Avg': '0.271', 'Hit': '70', 'HomeRun': '8'}, {'Avg': '0.271', 'Hit': '70', 'HomeRun': '18'}]"
심우준,https://6ptotvmi5753.edge.naverncp.com/KBO_IMAGE/person/middle/2025/64006.jpg,2,내야수(우투우타),183cm/75kg,"[{'Year': '2015', 'Team': 'KT', 'Avg': '0.169', 'Hit': '24', 'HomeRun': '1'}, {'Year': '2016', 'Team': 'KT', 'Avg': '0.242', 'Hit': '57', 'HomeRun': '3'}, {'Year': '2017', 'Team': 'KT', 'Avg': '0.287', 'Hit': '82', 'HomeRun': '4'}, {'Year': '2018', 'Team': 'KT', 'Avg': '0.259', 'Hit': '95', 'HomeRun': '4'}, {'Year': '2019', 'Team': 'KT', 'Avg': '0.279', 'Hit': '109', 'HomeRun': '3'}, {'Year': '2020', 'Team': 'KT', 'Avg': '0.235', 'Hit': '112', 'HomeRun': '3'}, {'Year': '2021', 'Team': 'KT', 'Avg': '0.268', 'Hit': '109', 'HomeRun': '6'}, {'Year': '2022', 'Team': 'KT', 'Avg': '0.240', 'Hit': '93', 'HomeRun': '4'}, {'Year': '2024', 'Team': 'KT', 'Avg': '0.266', 'Hit': '45', 'HomeRun': '3'}, {'Year': '2025', 'Team': '한화', 'Avg': '0.175', 'Hit': '20', 'HomeRun': '1'}, {'Avg': '0.251', 'Hit': '746', 'HomeRun': '118'}]"
안치홍,https://6ptotvmi5753.edge.naverncp.com/KBO_IMAGE/person/middle/2025/79608.jpg,3,내야수(우투우타),178cm/97kg,"[{'Year': '2009', 'Team': 'KIA', 'Avg': '0.235', 'Hit': '87', 'HomeRun': '14'}, {'Year': '2010', 'Team': 'KIA', 'Avg': '0.291', 'Hit': '134', 'HomeRun': '8'}, {'Year': '2011', 'Team': 'KIA', 'Avg': '0.315', 'Hit': '119', 'HomeRun': '5'}, {'Year': '2012', 'Team': 'KIA', 'Avg': '0.288', 'Hit': '141', 'HomeRun': '3'}, {'Year': '2013', 'Team': 'KIA', 'Avg': '0.249', 'Hit': '103', 'HomeRun': '3'}, {'Year': '2014', 'Team': 'KIA', 'Avg': '0.339', 'Hit': '147', 'HomeRun': '18'}, {'Year': '2016', 'Team': 'KIA', 'Avg': '0.222', 'Hit': '8', 'HomeRun': '0'}, {'Year': '2017', 'Team': 'KIA', 'Avg': '0.316', 'Hit': '154', 'HomeRun': '21'}, {'Year': '2018', 'Team': 'KIA', 'Avg': '0.342', 'Hit': '169', 'HomeRun': '23'}, {'Year': '2019', 'Team': 'KIA', 'Avg': '0.315', 'Hit': '114', 'HomeRun': '5'}, {'Year': '2020', 'Team': '롯데', 'Avg': '0.286', 'Hit': '118', 'HomeRun': '8'}, {'Year': '2021', 'Team': '롯데', 'Avg': '0.306', 'Hit': '129', 'HomeRun': '10'}, {'Year': '2022', 'Team': '롯데', 'Avg': '0.284', 'Hit': '140', 'HomeRun': '14'}, {'Year': '2023', 'Team': '롯데', 'Avg': '0.292', 'Hit': '124', 'HomeRun': '8'}, {'Year': '2024', 'Team': '한화', 'Avg': '0.300', 'Hit': '142', 'HomeRun': '13'}, {'Year': '2025', 'Team': '한화', 'Avg': '0.155', 'Hit': '18', 'HomeRun': '1'}, {'Avg': '0.295', 'Hit': '1847', 'HomeRun': '348'}]"
노시환,https://6ptotvmi5753.edge.naverncp.com/KBO_IMAGE/person/middle/2025/69737.jpg,8,내야수(우투우타),185cm/105kg,"[{'Year': '2019', 'Team': '한화', 'Avg': '0.186', 'Hit': '33', 'HomeRun': '1'}, {'Year': '2020', 'Team': '한화', 'Avg': '0.220', 'Hit': '76', 'HomeRun': '12'}, {'Year': '2021', 'Team': '한화', 'Avg': '0.271', 'Hit': '103', 'HomeRun': '18'}, {'Year': '2022', 'Team': '한화', 'Avg': '0.281', 'Hit': '122', 'HomeRun': '6'}, {'Year': '2023', 'Team': '한화', 'Avg': '0.298', 'Hit': '153', 'HomeRun': '31'}, {'Year': '2024', 'Team': '한화', 'Avg': '0.272', 'Hit': '143', 'HomeRun': '24'}, {'Year': '2025', 'Team': '한화', 'Avg': '0.227', 'Hit': '70', 'HomeRun': '15'}, {'Avg': '0.261', 'Hit': '700', 'HomeRun': '131'}]"
채은성,https://6ptotvmi5753.edge.naverncp.com/KBO_IMAGE/person/middle/2025/79192.jpg,22,내야수(우투우타),186cm/92kg,"[{'Year': '2014', 'Team': 'LG', 'Avg': '0.277', 'Hit': '44', 'HomeRun': '1'}, {'Year': '2015', 'Team': 'LG', 'Avg': '0.249', 'Hit': '43', 'HomeRun': '4'}, {'Year': '2016', 'Team': 'LG', 'Avg': '0.313', 'Hit': '126', 'HomeRun': '9'}, {'Year': '2017', 'Team': 'LG', 'Avg': '0.267', 'Hit': '89', 'HomeRun': '2'}, {'Year': '2018', 'Team': 'LG', 'Avg': '0.331', 'Hit': '175', 'HomeRun': '25'}, {'Year': '2019', 'Team': 'LG', 'Avg': '0.315', 'Hit': '148', 'HomeRun': '12'}, {'Year': '2020', 'Team': 'LG', 'Avg': '0.293', 'Hit': '122', 'HomeRun': '15'}, {'Year': '2021', 'Team': 'LG', 'Avg': '0.276', 'Hit': '107', 'HomeRun': '16'}, {'Year': '2022', 'Team': 'LG', 'Avg': '0.296', 'Hit': '138', 'HomeRun': '12'}, {'Year': '2023', 'Team': '한화', 'Avg': '0.263', 'Hit': '137', 'HomeRun': '23'}, {'Year': '2024', 'Team': '한화', 'Avg': '0.271', 'Hit': '118', 'HomeRun': '20'}, {'Year': '2025', 'Team': '한화', 'Avg': '0.288', 'Hit': '79', 'HomeRun': '12'}, {'Avg': '0.290', 'Hit': '1326', 'HomeRun': '230'}]"
김태연,https://6ptotvmi5753.edge.naverncp.com/KBO_IMAGE/person/middle/2025/66704.jpg,25,외야수(우투우타),178cm/96kg,"[{'Year': '2017', 'Team': '한화', 'Avg': '0.048', 'Hit': '1', 'HomeRun': '1'}, {'Year': '2018', 'Team': '한화', 'Avg': '0.192', 'Hit': '5', 'HomeRun': '0'}, {'Year': '2019', 'Team': '한화', 'Avg': '0.250', 'Hit': '1', 'HomeRun': '0'}, {'Year': '2021', 'Team': '한화', 'Avg': '0.301', 'Hit': '53', 'HomeRun': '3'}, {'Year': '2022', 'Team': '한화', 'Avg': '0.240', 'Hit': '97', 'HomeRun': '7'}, {'Year': '2023', 'Team': '한화', 'Avg': '0.261', 'Hit': '64', 'HomeRun': '4'}, {'Year': '2024', 'Team': '한화', 'Avg': '0.291', 'Hit': '120', 'HomeRun': '12'}, {'Year': '2025', 'Team': '한화', 'Avg': '0.225', 'Hit': '40', 'HomeRun': '1'}, {'Avg': '0.260', 'Hit': '381', 'HomeRun': '75'}]"
최인호,https://6ptotvmi5753.edge.naverncp.com/KBO_IMAGE/person/middle/2025/50707.jpg,41,외야수(우투좌타),178cm/82kg,"[{'Year': '2020', 'Team': '한화', 'Avg': '0.236', 'Hit': '30', 'HomeRun': '0'}, {'Year': '2021', 'Team': '한화', 'Avg': '0.206', 'Hit': '28', 'HomeRun': '4'}, {'Year': '2023', 'Team': '한화', 'Avg': '0.298', 'Hit': '39', 'HomeRun': '2'}, {'Year': '2024', 'Team': '한화', 'Avg': '0.286', 'Hit': '60', 'HomeRun': '2'}, {'Year': '2025', 'Team': '한화', 'Avg': '0.255', 'Hit': '27', 'HomeRun': '1'}, {'Avg': '0.259', 'Hit': '184', 'HomeRun': '30'}]"
최재훈,https://6ptotvmi5753.edge.naverncp.com/KBO_IMAGE/person/middle/2025/78288.jpg,13,포수(우투우타),178cm/94kg,"[{'Year': '2008', 'Team': '두산', 'Avg': '-', 'Hit': '0', 'HomeRun': '0'}, {'Year': '2012', 'Team': '두산', 'Avg': '0.209', 'Hit': '19', 'HomeRun': '1'}, {'Year': '2013', 'Team': '두산', 'Avg': '0.270', 'Hit': '24', 'HomeRun': '2'}, {'Year': '2014', 'Team': '두산', 'Avg': '0.241', 'Hit': '27', 'HomeRun': '1'}, {'Year': '2015', 'Team': '두산', 'Avg': '0.152', 'Hit': '15', 'HomeRun': '0'}, {'Year': '2016', 'Team': '두산', 'Avg': '0.167', 'Hit': '3', 'HomeRun': '0'}, {'Year': '2017', 'Team': '한화', 'Avg': '0.257', 'Hit': '69', 'HomeRun': '1'}, {'Year': '2018', 'Team': '한화', 'Avg': '0.262', 'Hit': '78', 'HomeRun': '1'}, {'Year': '2019', 'Team': '한화', 'Avg': '0.290', 'Hit': '108', 'HomeRun': '3'}, {'Year': '2020', 'Team': '한화', 'Avg': '0.301', 'Hit': '102', 'HomeRun': '3'}, {'Year': '2021', 'Team': '한화', 'Avg': '0.275', 'Hit': '103', 'HomeRun': '7'}, {'Year': '2022', 'Team': '한화', 'Avg': '0.223', 'Hit': '81', 'HomeRun': '5'}, {'Year': '2023', 'Team': '한화', 'Avg': '0.248', 'Hit': '81', 'HomeRun': '1'}, {'Year': '2024', 'Team': '한화', 'Avg': '0.257', 'Hit': '72', 'HomeRun': '4'}, {'Year': '2025', 'Team': '한화', 'Avg': '0.302', 'Hit': '42', 'HomeRun': '0'}, {'Avg': '0.260', 'Hit': '824', 'HomeRun': '146'}]"
황영묵,https://6ptotvmi5753.edge.naverncp.com/KBO_IMAGE/person/middle/2025/54795.jpg,95,내야수(우투좌타),177cm/80kg,"[{'Year': '2024', 'Team': '한화', 'Avg': '0.301', 'Hit': '105', 'HomeRun': '3'}, {'Year': '2025', 'Team': '한화', 'Avg': '0.232', 'Hit': '43', 'HomeRun': '1'}, {'Avg': '0.277', 'Hit': '148', 'HomeRun': '19'}]"
이진영,https://6ptotvmi5753.edge.naverncp.com/KBO_IMAGE/person/middle/2025/66657.jpg,10,외야수(우투우타),183cm/89kg,"[{'Year': '2016', 'Team': 'KIA', 'Avg': '0.138', 'Hit': '4', 'HomeRun': '0'}, {'Year': '2017', 'Team': 'KIA', 'Avg': '0.400', 'Hit': '2', 'HomeRun': '0'}, {'Year': '2019', 'Team': 'KIA', 'Avg': '0.133', 'Hit': '2', 'HomeRun': '0'}, {'Year': '2020', 'Team': 'KIA', 'Avg': '0.227', 'Hit': '5', 'HomeRun': '0'}, {'Year': '2021', 'Team': 'KIA', 'Avg': '0.200', 'Hit': '8', 'HomeRun': '2'}, {'Year': '2022', 'Team': '한화', 'Avg': '0.200', 'Hit': '44', 'HomeRun': '8'}, {'Year': '2023', 'Team': '한화', 'Avg': '0.249', 'Hit': '89', 'HomeRun': '10'}, {'Year': '2024', 'Team': '한화', 'Avg': '0.204', 'Hit': '19', 'HomeRun': '1'}, {'Year': '2025', 'Team': '한화', 'Avg': '0.280', 'Hit': '60', 'HomeRun': '7'}, {'Avg': '0.234', 'Hit': '233', 'HomeRun': '54'}]"
데이비슨,https://6ptotvmi5753.edge.naverncp.com/KBO_IMAGE/person/middle/2025/54944.jpg,24,내야수(우투우타),190cm/104kg,"[{'Year': '2024', 'Team': 'NC', 'Avg': '0.306', 'Hit': '154', 'HomeRun': '46'}, {'Year': '2025', 'Team': 'NC', 'Avg': '0.320', 'Hit': '66', 'HomeRun': '16'}, {'Avg': '0.310', 'Hit': '220', 'HomeRun': '34'}]"
김형준,https://6ptotvmi5753.edge.naverncp.com/KBO_IMAGE/person/middle/2025/68912.jpg,25,포수(우투우타),187cm/98kg,"[{'Year': '2018', 'Team': 'NC', 'Avg': '0.160', 'Hit': '13', 'HomeRun': '0'}, {'Year': '2019', 'Team': 'NC', 'Avg': '0.224', 'Hit': '24', 'HomeRun': '2'}, {'Year': '2020', 'Team': 'NC', 'Avg': '0.306', 'Hit': '22', 'HomeRun': '3'}, {'Year': '2023', 'Team': 'NC', 'Avg': '0.236', 'Hit': '17', 'HomeRun': '6'}, {'Year': '2024', 'Team': 'NC', 'Avg': '0.195', 'Hit': '69', 'HomeRun': '17'}, {'Year': '2025', 'Team': 'NC', 'Avg': '0.222', 'Hit': '44', 'HomeRun': '12'}, {'Avg': '0.214', 'Hit': '189', 'HomeRun': '27'}]"
박민우,https://6ptotvmi5753.edge.naverncp.com/KBO_IMAGE/person/middle/2025/62907.jpg,2,내야수(우투좌타),185cm/80kg,"[{'Year': '2013', 'Team': 'NC', 'Avg': '0.268', 'Hit': '11', 'HomeRun': '0'}, {'Year': '2014', 'Team': 'NC', 'Avg': '0.298', 'Hit': '124', 'HomeRun': '1'}, {'Year': '2015', 'Team': 'NC', 'Avg': '0.304', 'Hit': '158', 'HomeRun': '3'}, {'Year': '2016', 'Team': 'NC', 'Avg': '0.343', 'Hit': '149', 'HomeRun': '3'}, {'Year': '2017', 'Team': 'NC', 'Avg': '0.363', 'Hit': '141', 'HomeRun': '3'}, {'Year': '2018', 'Team': 'NC', 'Avg': '0.324', 'Hit': '133', 'HomeRun': '5'}, {'Year': '2019', 'Team': 'NC', 'Avg': '0.344', 'Hit': '161', 'HomeRun': '1'}, {'Year': '2020', 'Team': 'NC', 'Avg': '0.345', 'Hit': '161', 'HomeRun': '8'}, {'Year': '2021', 'Team': 'NC', 'Avg': '0.261', 'Hit': '47', 'HomeRun': '1'}, {'Year': '2022', 'Team': 'NC', 'Avg': '0.267', 'Hit': '104', 'HomeRun': '4'}, {'Year': '2023', 'Team': 'NC', 'Avg': '0.316', 'Hit': '143', 'HomeRun': '2'}, {'Year': '2024', 'Team': 'NC', 'Avg': '0.328', 'Hit': '150', 'HomeRun': '8'}, {'Year': '2025', 'Team': 'NC', 'Avg': '0.322', 'Hit': '85', 'HomeRun': '1'}, {'Avg': '0.321', 'Hit': '1567', 'HomeRun': '257'}]"
권희동,https://6ptotvmi5753.edge.naverncp.com/KBO_IMAGE/person/middle/2025/63963.jpg,36,외야수(우투우타),177cm/85kg,"[{'Year': '2013', 'Team': 'NC', 'Avg': '0.203', 'Hit': '71', 'HomeRun': '15'}, {'Year': '2014', 'Team': 'NC', 'Avg': '0.285', 'Hit': '63', 'HomeRun': '7'}, {'Year': '2016', 'Team': 'NC', 'Avg': '0.268', 'Hit': '11', 'HomeRun': '1'}, {'Year': '2017', 'Team': 'NC', 'Avg': '0.286', 'Hit': '135', 'HomeRun': '19'}, {'Year': '2018', 'Team': 'NC', 'Avg': '0.283', 'Hit': '97', 'HomeRun': '8'}, {'Year': '2019', 'Team': 'NC', 'Avg': '0.256', 'Hit': '89', 'HomeRun': '6'}, {'Year': '2020', 'Team': 'NC', 'Avg': '0.260', 'Hit': '90', 'HomeRun': '12'}, {'Year': '2021', 'Team': 'NC', 'Avg': '0.263', 'Hit': '35', 'HomeRun': '8'}, {'Year': '2022', 'Team': 'NC', 'Avg': '0.227', 'Hit': '54', 'HomeRun': '5'}, {'Year': '2023', 'Team': 'NC', 'Avg': '0.285', 'Hit': '88', 'HomeRun': '7'}, {'Year': '2024', 'Team': 'NC', 'Avg': '0.300', 'Hit': '125', 'HomeRun': '13'}, {'Year': '2025', 'Team': 'NC', 'Avg': '0.249', 'Hit': '52', 'HomeRun': '3'}, {'Avg': '0.266', 'Hit': '910', 'HomeRun': '164'}]"
김주원,https://6ptotvmi5753.edge.naverncp.com/KBO_IMAGE/person/middle/2025/51907.jpg,7,내야수(우투양타),185cm/83kg,"[{'Year': '2021', 'Team': 'NC', 'Avg': '0.241', 'Hit': '40', 'HomeRun': '5'}, {'Year': '2022', 'Team': 'NC', 'Avg': '0.223', 'Hit': '61', 'HomeRun': '10'}, {'Year': '2023', 'Team': 'NC', 'Avg': '0.233', 'Hit': '94', 'HomeRun': '10'}, {'Year': '2024', 'Team': 'NC', 'Avg': '0.252', 'Hit': '97', 'HomeRun': '9'}, {'Year': '2025', 'Team': 'NC', 'Avg': '0.261', 'Hit': '78', 'HomeRun': '5'}, {'Avg': '0.242', 'Hit': '370', 'HomeRun': '55'}]"
오영수,https://6ptotvmi5753.edge.naverncp.com/KBO_IMAGE/person/middle/2025/68904.jpg,34,내야수(우투좌타),178cm/93kg,"[{'Year': '2018', 'Team': 'NC', 'Avg': '0.133', 'Hit': '2', 'HomeRun': '0'}, {'Year': '2019', 'Team': 'NC', 'Avg': '0.125', 'Hit': '1', 'HomeRun': '0'}, {'Year': '2022', 'Team': 'NC', 'Avg': '0.238', 'Hit': '55', 'HomeRun': '6'}, {'Year': '2023', 'Team': 'NC', 'Avg': '0.236', 'Hit': '49', 'HomeRun': '4'}, {'Year': '2024', 'Team': 'NC', 'Avg': '0.200', 'Hit': '6', 'HomeRun': '3'}, {'Year': '2025', 'Team': 'NC', 'Avg': '0.221', 'Hit': '15', 'HomeRun': '2'}, {'Avg': '0.229', 'Hit': '128', 'HomeRun': '21'}]"
손아섭,https://6ptotvmi5753.edge.naverncp.com/KBO_IMAGE/person/middle/2025/77532.jpg,31,외야수(우투좌타),174cm/84kg,"[{'Year': '2007', 'Team': '롯데', 'Avg': '0.167', 'Hit': '1', 'HomeRun': '0'}, {'Year': '2008', 'Team': '롯데', 'Avg': '0.303', 'Hit': '66', 'HomeRun': '3'}, {'Year': '2009', 'Team': '롯데', 'Avg': '0.186', 'Hit': '16', 'HomeRun': '3'}, {'Year': '2010', 'Team': '롯데', 'Avg': '0.306', 'Hit': '129', 'HomeRun': '11'}, {'Year': '2011', 'Team': '롯데', 'Avg': '0.326', 'Hit': '144', 'HomeRun': '15'}, {'Year': '2012', 'Team': '롯데', 'Avg': '0.314', 'Hit': '158', 'HomeRun': '5'}, {'Year': '2013', 'Team': '롯데', 'Avg': '0.345', 'Hit': '172', 'HomeRun': '11'}, {'Year': '2014', 'Team': '롯데', 'Avg': '0.362', 'Hit': '175', 'HomeRun': '18'}, {'Year': '2015', 'Team': '롯데', 'Avg': '0.317', 'Hit': '141', 'HomeRun': '13'}, {'Year': '2016', 'Team': '롯데', 'Avg': '0.323', 'Hit': '186', 'HomeRun': '16'}, {'Year': '2017', 'Team': '롯데', 'Avg': '0.335', 'Hit': '193', 'HomeRun': '20'}, {'Year': '2018', 'Team': '롯데', 'Avg': '0.329', 'Hit': '182', 'HomeRun': '26'}, {'Year': '2019', 'Team': '롯데', 'Avg': '0.295', 'Hit': '151', 'HomeRun': '10'}, {'Year': '2020', 'Team': '롯데', 'Avg': '0.352', 'Hit': '190', 'HomeRun': '11'}, {'Year': '2021', 'Team': '롯데', 'Avg': '0.319', 'Hit': '173', 'HomeRun': '3'}, {'Year': '2022', 'Team': 'NC', 'Avg': '0.277', 'Hit': '152', 'HomeRun': '4'}, {'Year': '2023', 'Team': 'NC', 'Avg': '0.339', 'Hit': '187', 'HomeRun': '5'}, {'Year': '2024', 'Team': 'NC', 'Avg': '0.285', 'Hit': '95', 'HomeRun': '7'}, {'Year': '2025', 'Team': 'NC', 'Avg': '0.308', 'Hit': '65', 'HomeRun': '0'}, {'Avg': '0.320', 'Hit': '2576', 'HomeRun': '452'}]"
박건우,https://6ptotvmi5753.edge.naverncp.com/KBO_IMAGE/person/middle/2025/79215.jpg,37,외야수(우투우타),184cm/80kg,"[{'Year': '2009', 'Team': '두산', 'Avg': '0.200', 'Hit': '1', 'HomeRun': '0'}, {'Year': '2013', 'Team': '두산', 'Avg': '0.271', 'Hit': '13', 'HomeRun': '1'}, {'Year': '2014', 'Team': '두산', 'Avg': '0.180', 'Hit': '11', 'HomeRun': '0'}, {'Year': '2015', 'Team': '두산', 'Avg': '0.342', 'Hit': '54', 'HomeRun': '5'}, {'Year': '2016', 'Team': '두산', 'Avg': '0.335', 'Hit': '162', 'HomeRun': '20'}, {'Year': '2017', 'Team': '두산', 'Avg': '0.366', 'Hit': '177', 'HomeRun': '20'}, {'Year': '2018', 'Team': '두산', 'Avg': '0.326', 'Hit': '159', 'HomeRun': '12'}, {'Year': '2019', 'Team': '두산', 'Avg': '0.319', 'Hit': '146', 'HomeRun': '10'}, {'Year': '2020', 'Team': '두산', 'Avg': '0.304', 'Hit': '148', 'HomeRun': '14'}, {'Year': '2021', 'Team': '두산', 'Avg': '0.325', 'Hit': '149', 'HomeRun': '6'}, {'Year': '2022', 'Team': 'NC', 'Avg': '0.336', 'Hit': '137', 'HomeRun': '10'}, {'Year': '2023', 'Team': 'NC', 'Avg': '0.319', 'Hit': '146', 'HomeRun': '12'}, {'Year': '2024', 'Team': 'NC', 'Avg': '0.344', 'Hit': '111', 'HomeRun': '13'}, {'Year': '2025', 'Team': 'NC', 'Avg': '0.281', 'Hit': '48', 'HomeRun': '3'}, {'Avg': '0.326', 'Hit': '1462', 'HomeRun': '301'}]"
서호철,https://6ptotvmi5753.edge.naverncp.com/KBO_IMAGE/person/middle/2025/69995.jpg,5,내야수(우투우타),179cm/85kg,"[{'Year': '2020', 'Team': 'NC', 'Avg': '0.000', 'Hit': '0', 'HomeRun': '0'}, {'Year': '2022', 'Team': 'NC', 'Avg': '0.205', 'Hit': '40', 'HomeRun': '2'}, {'Year': '2023', 'Team': 'NC', 'Avg': '0.287', 'Hit': '114', 'HomeRun': '5'}, {'Year': '2024', 'Team': 'NC', 'Avg': '0.285', 'Hit': '146', 'HomeRun': '10'}, {'Year': '2025', 'Team': 'NC', 'Avg': '0.281', 'Hit': '38', 'HomeRun': '1'}, {'Avg': '0.271', 'Hit': '338', 'HomeRun': '48'}]"
최정원,https://6ptotvmi5753.edge.naverncp.com/KBO_IMAGE/person/middle/2025/69992.jpg,14,내야수(우투좌타),176cm/70kg,"[{'Year': '2020', 'Team': 'NC', 'Avg': '0.275', 'Hit': '11', 'HomeRun': '0'}, {'Year': '2021', 'Team': 'NC', 'Avg': '0.283', 'Hit': '60', 'HomeRun': '0'}, {'Year': '2023', 'Team': 'NC', 'Avg': '0.260', 'Hit': '13', 'HomeRun': '0'}, {'Year': '2024', 'Team': 'NC', 'Avg': '0.282', 'Hit': '37', 'HomeRun': '1'}, {'Year': '2025', 'Team': 'NC', 'Avg': '0.235', 'Hit': '12', 'HomeRun': '0'}, {'Avg': '0.275', 'Hit': '133', 'HomeRun': '17'}]"
이지영,https://6ptotvmi5753.edge.naverncp.com/KBO_IMAGE/person/middle/2025/79456.jpg,59,포수(우투우타),177cm/88kg,"[{'Year': '2009', 'Team': '삼성', 'Avg': '0.214', 'Hit': '6', 'HomeRun': '0'}, {'Year': '2012', 'Team': '삼성', 'Avg': '0.304', 'Hit': '41', 'HomeRun': '0'}, {'Year': '2013', 'Team': '삼성', 'Avg': '0.239', 'Hit': '64', 'HomeRun': '0'}, {'Year': '2014', 'Team': '삼성', 'Avg': '0.278', 'Hit': '74', 'HomeRun': '3'}, {'Year': '2015', 'Team': '삼성', 'Avg': '0.305', 'Hit': '110', 'HomeRun': '1'}, {'Year': '2016', 'Team': '삼성', 'Avg': '0.297', 'Hit': '116', 'HomeRun': '7'}, {'Year': '2017', 'Team': '삼성', 'Avg': '0.238', 'Hit': '72', 'HomeRun': '0'}, {'Year': '2018', 'Team': '삼성', 'Avg': '0.343', 'Hit': '61', 'HomeRun': '2'}, {'Year': '2019', 'Team': '키움', 'Avg': '0.282', 'Hit': '87', 'HomeRun': '1'}, {'Year': '2020', 'Team': '키움', 'Avg': '0.309', 'Hit': '81', 'HomeRun': '0'}, {'Year': '2021', 'Team': '키움', 'Avg': '0.275', 'Hit': '64', 'HomeRun': '0'}, {'Year': '2022', 'Team': '키움', 'Avg': '0.267', 'Hit': '112', 'HomeRun': '2'}, {'Year': '2023', 'Team': '키움', 'Avg': '0.249', 'Hit': '54', 'HomeRun': '0'}, {'Year': '2024', 'Team': 'SSG', 'Avg': '0.279', 'Hit': '111', 'HomeRun': '5'}, {'Year': '2025', 'Team': 'SSG', 'Avg': '0.230', 'Hit': '26', 'HomeRun': '1'}, {'Avg': '0.278', 'Hit': '1079', 'HomeRun': '114'}]"
최준우,https://6ptotvmi5753.edge.naverncp.com/KBO_IMAGE/person/middle/2025/68868.jpg,7,내야수(우투좌타),176cm/78kg,"[{'Year': '2019', 'Team': 'SK', 'Avg': '0.212', 'Hit': '7', 'HomeRun': '0'}, {'Year': '2020', 'Team': 'SK', 'Avg': '0.236', 'Hit': '43', 'HomeRun': '3'}, {'Year': '2022', 'Team': 'SSG', 'Avg': '0.250', 'Hit': '3', 'HomeRun': '0'}, {'Year': '2023', 'Team': 'SSG', 'Avg': '0.267', 'Hit': '16', 'HomeRun': '0'}, {'Year': '2024', 'Team': 'SSG', 'Avg': '0.240', 'Hit': '6', 'HomeRun': '0'}, {'Year': '2025', 'Team': 'SSG', 'Avg': '0.220', 'Hit': '28', 'HomeRun': '3'}, {'Avg': '0.235', 'Hit': '103', 'HomeRun': '9'}]"
오태곤,https://6ptotvmi5753.edge.naverncp.com/KBO_IMAGE/person/middle/2025/60558.jpg,37,외야수(우투우타),186cm/88kg,"[{'Year': '2011', 'Team': '롯데', 'Avg': '0.000', 'Hit': '0', 'HomeRun': '0'}, {'Year': '2014', 'Team': '롯데', 'Avg': '0.244', 'Hit': '11', 'HomeRun': '1'}, {'Year': '2015', 'Team': '롯데', 'Avg': '0.275', 'Hit': '90', 'HomeRun': '8'}, {'Year': '2016', 'Team': '롯데', 'Avg': '0.260', 'Hit': '32', 'HomeRun': '3'}, {'Year': '2017', 'Team': 'KT', 'Avg': '0.283', 'Hit': '106', 'HomeRun': '9'}, {'Year': '2018', 'Team': 'KT', 'Avg': '0.254', 'Hit': '87', 'HomeRun': '12'}, {'Year': '2019', 'Team': 'KT', 'Avg': '0.250', 'Hit': '88', 'HomeRun': '6'}, {'Year': '2020', 'Team': 'SK', 'Avg': '0.274', 'Hit': '64', 'HomeRun': '5'}, {'Year': '2021', 'Team': 'SSG', 'Avg': '0.268', 'Hit': '63', 'HomeRun': '9'}, {'Year': '2022', 'Team': 'SSG', 'Avg': '0.232', 'Hit': '61', 'HomeRun': '4'}, {'Year': '2023', 'Team': 'SSG', 'Avg': '0.239', 'Hit': '65', 'HomeRun': '7'}, {'Year': '2024', 'Team': 'SSG', 'Avg': '0.275', 'Hit': '68', 'HomeRun': '9'}, {'Year': '2025', 'Team': 'SSG', 'Avg': '0.228', 'Hit': '29', 'HomeRun': '3'}, {'Avg': '0.260', 'Hit': '764', 'HomeRun': '161'}]"
에레디아,https://6ptotvmi5753.edge.naverncp.com/KBO_IMAGE/person/middle/2025/53827.jpg,27,외야수(좌투우타),178cm/88kg,"[{'Year': '2023', 'Team': 'SSG', 'Avg': '0.323', 'Hit': '153', 'HomeRun': '12'}, {'Year': '2024', 'Team': 'SSG', 'Avg': '0.360', 'Hit': '195', 'HomeRun': '21'}, {'Year': '2025', 'Team': 'SSG', 'Avg': '0.282', 'Hit': '42', 'HomeRun': '4'}, {'Avg': '0.335', 'Hit': '390', 'HomeRun': '64'}]"
최지훈,https://6ptotvmi5753.edge.naverncp.com/KBO_IMAGE/person/middle/2025/50854.jpg,54,외야수(우투좌타),178cm/82kg,"[{'Year': '2020', 'Team': 'SK', 'Avg': '0.258', 'Hit': '120', 'HomeRun': '1'}, {'Year': '2021', 'Team': 'SSG', 'Avg': '0.262', 'Hit': '121', 'HomeRun': '5'}, {'Year': '2022', 'Team': 'SSG', 'Avg': '0.304', 'Hit': '173', 'HomeRun': '10'}, {'Year': '2023', 'Team': 'SSG', 'Avg': '0.268', 'Hit': '124', 'HomeRun': '2'}, {'Year': '2024', 'Team': 'SSG', 'Avg': '0.275', 'Hit': '133', 'HomeRun': '11'}, {'Year': '2025', 'Team': 'SSG', 'Avg': '0.278', 'Hit': '88', 'HomeRun': '3'}, {'Avg': '0.275', 'Hit': '759', 'HomeRun': '122'}]"
한유섬,https://6ptotvmi5753.edge.naverncp.com/KBO_IMAGE/person/middle/2025/62895.jpg,35,외야수(우투좌타),190cm/105kg,"[{'Year': '2012', 'Team': 'SK', 'Avg': '0.286', 'Hit': '2', 'HomeRun': '0'}, {'Year': '2013', 'Team': 'SK', 'Avg': '0.263', 'Hit': '75', 'HomeRun': '14'}, {'Year': '2014', 'Team': 'SK', 'Avg': '0.252', 'Hit': '36', 'HomeRun': '3'}, {'Year': '2016', 'Team': 'SK', 'Avg': '0.278', 'Hit': '5', 'HomeRun': '0'}, {'Year': '2017', 'Team': 'SK', 'Avg': '0.294', 'Hit': '103', 'HomeRun': '29'}, {'Year': '2018', 'Team': 'SK', 'Avg': '0.284', 'Hit': '138', 'HomeRun': '41'}, {'Year': '2019', 'Team': 'SK', 'Avg': '0.265', 'Hit': '113', 'HomeRun': '12'}, {'Year': '2020', 'Team': 'SK', 'Avg': '0.249', 'Hit': '48', 'HomeRun': '15'}, {'Year': '2021', 'Team': 'SSG', 'Avg': '0.278', 'Hit': '123', 'HomeRun': '31'}, {'Year': '2022', 'Team': 'SSG', 'Avg': '0.264', 'Hit': '121', 'HomeRun': '21'}, {'Year': '2023', 'Team': 'SSG', 'Avg': '0.273', 'Hit': '91', 'HomeRun': '7'}, {'Year': '2024', 'Team': 'SSG', 'Avg': '0.235', 'Hit': '109', 'HomeRun': '24'}, {'Year': '2025', 'Team': 'SSG', 'Avg': '0.265', 'Hit': '73', 'HomeRun': '9'}, {'Avg': '0.267', 'Hit': '1037', 'HomeRun': '213'}]"
고명준,https://6ptotvmi5753.edge.naverncp.com/KBO_IMAGE/person/middle/2025/51868.jpg,18,내야수(우투우타),185cm/94kg,"[{'Year': '2021', 'Team': 'SSG', 'Avg': '0.000', 'Hit': '0', 'HomeRun': '0'}, {'Year': '2023', 'Team': 'SSG', 'Avg': '0.000', 'Hit': '0', 'HomeRun': '0'}, {'Year': '2024', 'Team': 'SSG', 'Avg': '0.250', 'Hit': '85', 'HomeRun': '11'}, {'Year': '2025', 'Team': 'SSG', 'Avg': '0.292', 'Hit': '81', 'HomeRun': '7'}, {'Avg': '0.265', 'Hit': '166', 'HomeRun': '30'}]"
조형우,https://6ptotvmi5753.edge.naverncp.com/KBO_IMAGE/person/middle/2025/51865.jpg,20,포수(우투우타),187cm/95kg,"[{'Year': '2022', 'Team': 'SSG', 'Avg': '0.167', 'Hit': '2', 'HomeRun': '0'}, {'Year': '2023', 'Team': 'SSG', 'Avg': '0.185', 'Hit': '22', 'HomeRun': '2'}, {'Year': '2024', 'Team': 'SSG', 'Avg': '0.242', 'Hit': '8', 'HomeRun': '0'}, {'Year': '2025', 'Team': 'SSG', 'Avg': '0.263', 'Hit': '42', 'HomeRun': '3'}, {'Avg': '0.228', 'Hit': '74', 'HomeRun': '10'}]"
최정,https://6ptotvmi5753.edge.naverncp.com/KBO_IMAGE/person/middle/2025/75847.jpg,14,내야수(우투우타),180cm/90kg,"[{'Year': '2005', 'Team': 'SK', 'Avg': '0.247', 'Hit': '21', 'HomeRun': '1'}, {'Year': '2006', 'Team': 'SK', 'Avg': '0.221', 'Hit': '62', 'HomeRun': '12'}, {'Year': '2007', 'Team': 'SK', 'Avg': '0.267', 'Hit': '109', 'HomeRun': '16'}, {'Year': '2008', 'Team': 'SK', 'Avg': '0.328', 'Hit': '133', 'HomeRun': '12'}, {'Year': '2009', 'Team': 'SK', 'Avg': '0.265', 'Hit': '90', 'HomeRun': '19'}, {'Year': '2010', 'Team': 'SK', 'Avg': '0.300', 'Hit': '120', 'HomeRun': '20'}, {'Year': '2011', 'Team': 'SK', 'Avg': '0.310', 'Hit': '125', 'HomeRun': '20'}, {'Year': '2012', 'Team': 'SK', 'Avg': '0.300', 'Hit': '142', 'HomeRun': '26'}, {'Year': '2013', 'Team': 'SK', 'Avg': '0.316', 'Hit': '137', 'HomeRun': '28'}, {'Year': '2014', 'Team': 'SK', 'Avg': '0.305', 'Hit': '94', 'HomeRun': '14'}, {'Year': '2015', 'Team': 'SK', 'Avg': '0.295', 'Hit': '81', 'HomeRun': '17'}, {'Year': '2016', 'Team': 'SK', 'Avg': '0.288', 'Hit': '144', 'HomeRun': '40'}, {'Year': '2017', 'Team': 'SK', 'Avg': '0.316', 'Hit': '136', 'HomeRun': '46'}, {'Year': '2018', 'Team': 'SK', 'Avg': '0.244', 'Hit': '99', 'HomeRun': '35'}, {'Year': '2019', 'Team': 'SK', 'Avg': '0.292', 'Hit': '147', 'HomeRun': '29'}, {'Year': '2020', 'Team': 'SK', 'Avg': '0.270', 'Hit': '122', 'HomeRun': '33'}, {'Year': '2021', 'Team': 'SSG', 'Avg': '0.278', 'Hit': '121', 'HomeRun': '35'}, {'Year': '2022', 'Team': 'SSG', 'Avg': '0.266', 'Hit': '110', 'HomeRun': '26'}, {'Year': '2023', 'Team': 'SSG', 'Avg': '0.297', 'Hit': '140', 'HomeRun': '29'}, {'Year': '2024', 'Team': 'SSG', 'Avg': '0.291', 'Hit': '136', 'HomeRun': '37'}, {'Year': '2025', 'Team': 'SSG', 'Avg': '0.196', 'Hit': '29', 'HomeRun': '10'}, {'Avg': '0.286', 'Hit': '2298', 'HomeRun': '426'}]"
박성한,https://6ptotvmi5753.edge.naverncp.com/KBO_IMAGE/person/middle/2025/67893.jpg,2,내야수(우투좌타),180cm/77kg,"[{'Year': '2017', 'Team': 'SK', 'Avg': '0.000', 'Hit': '0', 'HomeRun': '0'}, {'Year': '2018', 'Team': 'SK', 'Avg': '0.135', 'Hit': '7', 'HomeRun': '0'}, {'Year': '2020', 'Team': 'SK', 'Avg': '0.242', 'Hit': '24', 'HomeRun': '2'}, {'Year': '2021', 'Team': 'SSG', 'Avg': '0.302', 'Hit': '123', 'HomeRun': '4'}, {'Year': '2022', 'Team': 'SSG', 'Avg': '0.298', 'Hit': '147', 'HomeRun': '2'}, {'Year': '2023', 'Team': 'SSG', 'Avg': '0.266', 'Hit': '122', 'HomeRun': '9'}, {'Year': '2024', 'Team': 'SSG', 'Avg': '0.301', 'Hit': '147', 'HomeRun': '10'}, {'Year': '2025', 'Team': 'SSG', 'Avg': '0.248', 'Hit': '67', 'HomeRun': '4'}, {'Avg': '0.280', 'Hit': '637', 'HomeRun': '108'}]"
양의지,https://6ptotvmi5753.edge.naverncp.com/KBO_IMAGE/person/middle/2025/76232.jpg,25,포수(우투우타),180cm/95kg,"[{'Year': '2007', 'Team': '두산', 'Avg': '0.000', 'Hit': '0', 'HomeRun': '0'}, {'Year': '2010', 'Team': '두산', 'Avg': '0.267', 'Hit': '100', 'HomeRun': '20'}, {'Year': '2011', 'Team': '두산', 'Avg': '0.301', 'Hit': '113', 'HomeRun': '4'}, {'Year': '2012', 'Team': '두산', 'Avg': '0.279', 'Hit': '100', 'HomeRun': '5'}, {'Year': '2013', 'Team': '두산', 'Avg': '0.248', 'Hit': '77', 'HomeRun': '7'}, {'Year': '2014', 'Team': '두산', 'Avg': '0.294', 'Hit': '87', 'HomeRun': '10'}, {'Year': '2015', 'Team': '두산', 'Avg': '0.326', 'Hit': '144', 'HomeRun': '20'}, {'Year': '2016', 'Team': '두산', 'Avg': '0.319', 'Hit': '106', 'HomeRun': '22'}, {'Year': '2017', 'Team': '두산', 'Avg': '0.277', 'Hit': '96', 'HomeRun': '14'}, {'Year': '2018', 'Team': '두산', 'Avg': '0.358', 'Hit': '157', 'HomeRun': '23'}, {'Year': '2019', 'Team': 'NC', 'Avg': '0.354', 'Hit': '138', 'HomeRun': '20'}, {'Year': '2020', 'Team': 'NC', 'Avg': '0.328', 'Hit': '151', 'HomeRun': '33'}, {'Year': '2021', 'Team': 'NC', 'Avg': '0.325', 'Hit': '156', 'HomeRun': '30'}, {'Year': '2022', 'Team': 'NC', 'Avg': '0.283', 'Hit': '121', 'HomeRun': '20'}, {'Year': '2023', 'Team': '두산', 'Avg': '0.305', 'Hit': '134', 'HomeRun': '17'}, {'Year': '2024', 'Team': '두산', 'Avg': '0.314', 'Hit': '135', 'HomeRun': '17'}, {'Year': '2025', 'Team': '두산', 'Avg': '0.299', 'Hit': '81', 'HomeRun': '12'}, {'Avg': '0.307', 'Hit': '1896', 'HomeRun': '340'}]"
오명진,https://6ptotvmi5753.edge.naverncp.com/KBO_IMAGE/person/middle/2025/50208.jpg,6,내야수(우투좌타),179cm/79kg,"[{'Year': '2020', 'Team': '두산', 'Avg': '0.000', 'Hit': '0', 'HomeRun': '0'}, {'Year': '2021', 'Team': '두산', 'Avg': '0.000', 'Hit': '0', 'HomeRun': '0'}, {'Year': '2024', 'Team': '두산', 'Avg': '0.000', 'Hit': '0', 'HomeRun': '0'}, {'Year': '2025', 'Team': '두산', 'Avg': '0.284', 'Hit': '55', 'HomeRun': '2'}, {'Avg': '0.272', 'Hit': '55', 'HomeRun': '9'}]"
박계범,https://6ptotvmi5753.edge.naverncp.com/KBO_IMAGE/person/middle/2025/64468.jpg,14,내야수(우투우타),177cm/84kg,"[{'Year': '2015', 'Team': '삼성', 'Avg': '-', 'Hit': '0', 'HomeRun': '0'}, {'Year': '2016', 'Team': '삼성', 'Avg': '-', 'Hit': '0', 'HomeRun': '0'}, {'Year': '2019', 'Team': '삼성', 'Avg': '0.256', 'Hit': '43', 'HomeRun': '4'}, {'Year': '2020', 'Team': '삼성', 'Avg': '0.195', 'Hit': '32', 'HomeRun': '3'}, {'Year': '2021', 'Team': '두산', 'Avg': '0.267', 'Hit': '86', 'HomeRun': '5'}, {'Year': '2022', 'Team': '두산', 'Avg': '0.221', 'Hit': '32', 'HomeRun': '2'}, {'Year': '2023', 'Team': '두산', 'Avg': '0.219', 'Hit': '37', 'HomeRun': '2'}, {'Year': '2024', 'Team': '두산', 'Avg': '0.200', 'Hit': '3', 'HomeRun': '0'}, {'Year': '2025', 'Team': '두산', 'Avg': '0.226', 'Hit': '19', 'HomeRun': '0'}, {'Avg': '0.236', 'Hit': '252', 'HomeRun': '46'}]"
박준순,https://6ptotvmi5753.edge.naverncp.com/KBO_IMAGE/person/middle/2025/55252.jpg,52,내야수(우투우타),180cm/80kg,"[{'Year': '2025', 'Team': '두산', 'Avg': '0.279', 'Hit': '19', 'HomeRun': '2'}, {'Avg': '0.279', 'Hit': '19', 'HomeRun': '1'}]"
케이브,https://6ptotvmi5753.edge.naverncp.com/KBO_IMAGE/person/middle/2025/55208.jpg,8,외야수(좌투좌타),183cm/90kg,"[{'Year': '2025', 'Team': '두산', 'Avg': '0.301', 'Hit': '88', 'HomeRun': '6'}, {'Avg': '0.301', 'Hit': '88', 'HomeRun': '18'}]"
정수빈,https://6ptotvmi5753.edge.naverncp.com/KBO_IMAGE/person/middle/2025/79231.jpg,31,외야수(좌투좌타),175cm/70kg,"[{'Year': '2009', 'Team': '두산', 'Avg': '0.264', 'Hit': '61', 'HomeRun': '3'}, {'Year': '2010', 'Team': '두산', 'Avg': '0.322', 'Hit': '46', 'HomeRun': '1'}, {'Year': '2011', 'Team': '두산', 'Avg': '0.285', 'Hit': '118', 'HomeRun': '1'}, {'Year': '2012', 'Team': '두산', 'Avg': '0.235', 'Hit': '74', 'HomeRun': '0'}, {'Year': '2013', 'Team': '두산', 'Avg': '0.276', 'Hit': '63', 'HomeRun': '2'}, {'Year': '2014', 'Team': '두산', 'Avg': '0.306', 'Hit': '132', 'HomeRun': '6'}, {'Year': '2015', 'Team': '두산', 'Avg': '0.295', 'Hit': '145', 'HomeRun': '2'}, {'Year': '2016', 'Team': '두산', 'Avg': '0.242', 'Hit': '65', 'HomeRun': '2'}, {'Year': '2018', 'Team': '두산', 'Avg': '0.367', 'Hit': '36', 'HomeRun': '2'}, {'Year': '2019', 'Team': '두산', 'Avg': '0.265', 'Hit': '117', 'HomeRun': '0'}, {'Year': '2020', 'Team': '두산', 'Avg': '0.298', 'Hit': '146', 'HomeRun': '5'}, {'Year': '2021', 'Team': '두산', 'Avg': '0.259', 'Hit': '81', 'HomeRun': '3'}, {'Year': '2022', 'Team': '두산', 'Avg': '0.259', 'Hit': '105', 'HomeRun': '3'}, {'Year': '2023', 'Team': '두산', 'Avg': '0.287', 'Hit': '143', 'HomeRun': '2'}, {'Year': '2024', 'Team': '두산', 'Avg': '0.284', 'Hit': '145', 'HomeRun': '4'}, {'Year': '2025', 'Team': '두산', 'Avg': '0.260', 'Hit': '72', 'HomeRun': '4'}, {'Avg': '0.279', 'Hit': '1549', 'HomeRun': '210'}]"
강승호,https://6ptotvmi5753.edge.naverncp.com/KBO_IMAGE/person/middle/2025/63123.jpg,23,내야수(우투우타),178cm/88kg,"[{'Year': '2016', 'Team': 'LG', 'Avg': '0.184', 'Hit': '7', 'HomeRun': '0'}, {'Year': '2017', 'Team': 'LG', 'Avg': '0.250', 'Hit': '62', 'HomeRun': '5'}, {'Year': '2018', 'Team': 'SK', 'Avg': '0.255', 'Hit': '47', 'HomeRun': '3'}, {'Year': '2019', 'Team': 'SK', 'Avg': '0.154', 'Hit': '6', 'HomeRun': '2'}, {'Year': '2021', 'Team': '두산', 'Avg': '0.239', 'Hit': '72', 'HomeRun': '7'}, {'Year': '2022', 'Team': '두산', 'Avg': '0.264', 'Hit': '117', 'HomeRun': '10'}, {'Year': '2023', 'Team': '두산', 'Avg': '0.265', 'Hit': '111', 'HomeRun': '7'}, {'Year': '2024', 'Team': '두산', 'Avg': '0.280', 'Hit': '146', 'HomeRun': '18'}, {'Year': '2025', 'Team': '두산', 'Avg': '0.217', 'Hit': '49', 'HomeRun': '3'}, {'Avg': '0.255', 'Hit': '617', 'HomeRun': '136'}]"
김재환,https://6ptotvmi5753.edge.naverncp.com/KBO_IMAGE/person/middle/2025/78224.jpg,32,외야수(우투좌타),183cm/90kg,"[{'Year': '2008', 'Team': '두산', 'Avg': '0.143', 'Hit': '3', 'HomeRun': '0'}, {'Year': '2011', 'Team': '두산', 'Avg': '0.185', 'Hit': '10', 'HomeRun': '2'}, {'Year': '2012', 'Team': '두산', 'Avg': '0.128', 'Hit': '5', 'HomeRun': '1'}, {'Year': '2014', 'Team': '두산', 'Avg': '0.306', 'Hit': '26', 'HomeRun': '3'}, {'Year': '2015', 'Team': '두산', 'Avg': '0.235', 'Hit': '36', 'HomeRun': '7'}, {'Year': '2016', 'Team': '두산', 'Avg': '0.325', 'Hit': '160', 'HomeRun': '37'}, {'Year': '2017', 'Team': '두산', 'Avg': '0.340', 'Hit': '185', 'HomeRun': '35'}, {'Year': '2018', 'Team': '두산', 'Avg': '0.334', 'Hit': '176', 'HomeRun': '44'}, {'Year': '2019', 'Team': '두산', 'Avg': '0.283', 'Hit': '140', 'HomeRun': '15'}, {'Year': '2020', 'Team': '두산', 'Avg': '0.266', 'Hit': '137', 'HomeRun': '30'}, {'Year': '2021', 'Team': '두산', 'Avg': '0.274', 'Hit': '130', 'HomeRun': '27'}, {'Year': '2022', 'Team': '두산', 'Avg': '0.248', 'Hit': '111', 'HomeRun': '23'}, {'Year': '2023', 'Team': '두산', 'Avg': '0.220', 'Hit': '89', 'HomeRun': '10'}, {'Year': '2024', 'Team': '두산', 'Avg': '0.283', 'Hit': '134', 'HomeRun': '29'}, {'Year': '2025', 'Team': '두산', 'Avg': '0.244', 'Hit': '63', 'HomeRun': '7'}, {'Avg': '0.282', 'Hit': '1405', 'HomeRun': '266'}]"
정수빈,https://6ptotvmi5753.edge.naverncp.com/KBO_IMAGE/person/middle/2025/79231.jpg,31,외야수(좌투좌타),175cm/70kg,"[{'Year': '2009', 'Team': '두산', 'Avg': '0.264', 'Hit': '61', 'HomeRun': '3'}, {'Year': '2010', 'Team': '두산', 'Avg': '0.322', 'Hit': '46', 'HomeRun': '1'}, {'Year': '2011', 'Team': '두산', 'Avg': '0.285', 'Hit': '118', 'HomeRun': '1'}, {'Year': '2012', 'Team': '두산', 'Avg': '0.235', 'Hit': '74', 'HomeRun': '0'}, {'Year': '2013', 'Team': '두산', 'Avg': '0.276', 'Hit': '63', 'HomeRun': '2'}, {'Year': '2014', 'Team': '두산', 'Avg': '0.306', 'Hit': '132', 'HomeRun': '6'}, {'Year': '2015', 'Team': '두산', 'Avg': '0.295', 'Hit': '145', 'HomeRun': '2'}, {'Year': '2016', 'Team': '두산', 'Avg': '0.242', 'Hit': '65', 'HomeRun': '2'}, {'Year': '2018', 'Team': '두산', 'Avg': '0.367', 'Hit': '36', 'HomeRun': '2'}, {'Year': '2019', 'Team': '두산', 'Avg': '0.265', 'Hit': '117', 'HomeRun': '0'}, {'Year': '2020', 'Team': '두산', 'Avg': '0.298', 'Hit': '146', 'HomeRun': '5'}, {'Year': '2021', 'Team': '두산', 'Avg': '0.259', 'Hit': '81', 'HomeRun': '3'}, {'Year': '2022', 'Team': '두산', 'Avg': '0.259', 'Hit': '105', 'HomeRun': '3'}, {'Year': '2023', 'Team': '두산', 'Avg': '0.287', 'Hit': '143', 'HomeRun': '2'}, {'Year': '2024', 'Team': '두산', 'Avg': '0.284', 'Hit': '145', 'HomeRun': '4'}, {'Year': '2025', 'Team': '두산', 'Avg': '0.260', 'Hit': '72', 'HomeRun': '4'}, {'Avg': '0.279', 'Hit': '1549', 'HomeRun': '210'}]"
이유찬,https://6ptotvmi5753.edge.naverncp.com/KBO_IMAGE/person/middle/2025/67207.jpg,13,내야수(우투우타),175cm/68kg,"[{'Year': '2018', 'Team': '두산', 'Avg': '0.273', 'Hit': '6', 'HomeRun': '0'}, {'Year': '2019', 'Team': '두산', 'Avg': '0.231', 'Hit': '3', 'HomeRun': '0'}, {'Year': '2020', 'Team': '두산', 'Avg': '0.258', 'Hit': '23', 'HomeRun': '0'}, {'Year': '2022', 'Team': '두산', 'Avg': '0.241', 'Hit': '7', 'HomeRun': '1'}, {'Year': '2023', 'Team': '두산', 'Avg': '0.243', 'Hit': '51', 'HomeRun': '1'}, {'Year': '2024', 'Team': '두산', 'Avg': '0.277', 'Hit': '64', 'HomeRun': '3'}, {'Year': '2025', 'Team': '두산', 'Avg': '0.270', 'Hit': '27', 'HomeRun': '0'}, {'Avg': '0.261', 'Hit': '181', 'HomeRun': '26'}]"
문상철,https://6ptotvmi5753.edge.naverncp.com/KBO_IMAGE/person/middle/2025/64007.jpg,24,내야수(우투우타),184cm/85kg,"[{'Year': '2015', 'Team': 'KT', 'Avg': '0.163', 'Hit': '13', 'HomeRun': '2'}, {'Year': '2016', 'Team': 'KT', 'Avg': '0.200', 'Hit': '16', 'HomeRun': '1'}, {'Year': '2019', 'Team': 'KT', 'Avg': '0.200', 'Hit': '12', 'HomeRun': '2'}, {'Year': '2020', 'Team': 'KT', 'Avg': '0.260', 'Hit': '40', 'HomeRun': '8'}, {'Year': '2021', 'Team': 'KT', 'Avg': '0.219', 'Hit': '21', 'HomeRun': '2'}, {'Year': '2022', 'Team': 'KT', 'Avg': '0.224', 'Hit': '11', 'HomeRun': '2'}, {'Year': '2023', 'Team': 'KT', 'Avg': '0.260', 'Hit': '79', 'HomeRun': '9'}, {'Year': '2024', 'Team': 'KT', 'Avg': '0.256', 'Hit': '89', 'HomeRun': '17'}, {'Year': '2025', 'Team': 'KT', 'Avg': '0.218', 'Hit': '32', 'HomeRun': '4'}, {'Avg': '0.238', 'Hit': '313', 'HomeRun': '59'}]"
장성우,https://6ptotvmi5753.edge.naverncp.com/KBO_IMAGE/person/middle/2025/78548.jpg,22,포수(우투우타),187cm/100kg,"[{'Year': '2009', 'Team': '롯데', 'Avg': '0.265', 'Hit': '26', 'HomeRun': '1'}, {'Year': '2010', 'Team': '롯데', 'Avg': '0.180', 'Hit': '18', 'HomeRun': '1'}, {'Year': '2011', 'Team': '롯데', 'Avg': '0.258', 'Hit': '16', 'HomeRun': '0'}, {'Year': '2014', 'Team': '롯데', 'Avg': '0.274', 'Hit': '23', 'HomeRun': '1'}, {'Year': '2015', 'Team': 'KT', 'Avg': '0.284', 'Hit': '123', 'HomeRun': '13'}, {'Year': '2017', 'Team': 'KT', 'Avg': '0.231', 'Hit': '68', 'HomeRun': '8'}, {'Year': '2018', 'Team': 'KT', 'Avg': '0.258', 'Hit': '92', 'HomeRun': '13'}, {'Year': '2019', 'Team': 'KT', 'Avg': '0.262', 'Hit': '96', 'HomeRun': '7'}, {'Year': '2020', 'Team': 'KT', 'Avg': '0.278', 'Hit': '111', 'HomeRun': '13'}, {'Year': '2021', 'Team': 'KT', 'Avg': '0.231', 'Hit': '89', 'HomeRun': '14'}, {'Year': '2022', 'Team': 'KT', 'Avg': '0.260', 'Hit': '94', 'HomeRun': '18'}, {'Year': '2023', 'Team': 'KT', 'Avg': '0.288', 'Hit': '118', 'HomeRun': '11'}, {'Year': '2024', 'Team': 'KT', 'Avg': '0.268', 'Hit': '112', 'HomeRun': '19'}, {'Year': '2025', 'Team': 'KT', 'Avg': '0.255', 'Hit': '65', 'HomeRun': '7'}, {'Avg': '0.261', 'Hit': '1051', 'HomeRun': '156'}]"
강백호,https://6ptotvmi5753.edge.naverncp.com/KBO_IMAGE/person/middle/2025/68050.jpg,50,포수(우투좌타),184cm/98kg,"[{'Year': '2018', 'Team': 'KT', 'Avg': '0.290', 'Hit': '153', 'HomeRun': '29'}, {'Year': '2019', 'Team': 'KT', 'Avg': '0.336', 'Hit': '147', 'HomeRun': '13'}, {'Year': '2020', 'Team': 'KT', 'Avg': '0.330', 'Hit': '165', 'HomeRun': '23'}, {'Year': '2021', 'Team': 'KT', 'Avg': '0.347', 'Hit': '179', 'HomeRun': '16'}, {'Year': '2022', 'Team': 'KT', 'Avg': '0.245', 'Hit': '58', 'HomeRun': '6'}, {'Year': '2023', 'Team': 'KT', 'Avg': '0.265', 'Hit': '63', 'HomeRun': '8'}, {'Year': '2024', 'Team': 'KT', 'Avg': '0.289', 'Hit': '159', 'HomeRun': '26'}, {'Year': '2025', 'Team': 'KT', 'Avg': '0.255', 'Hit': '40', 'HomeRun': '7'}, {'Avg': '0.305', 'Hit': '964', 'HomeRun': '193'}]"
권동진,https://6ptotvmi5753.edge.naverncp.com/KBO_IMAGE/person/middle/2025/51003.jpg,52,내야수(우투좌타),178cm/83kg,"[{'Year': '2021', 'Team': 'KT', 'Avg': '0.254', 'Hit': '17', 'HomeRun': '1'}, {'Year': '2022', 'Team': 'KT', 'Avg': '0.132', 'Hit': '5', 'HomeRun': '0'}, {'Year': '2024', 'Team': 'KT', 'Avg': '0.222', 'Hit': '2', 'HomeRun': '0'}, {'Year': '2025', 'Team': 'KT', 'Avg': '0.250', 'Hit': '45', 'HomeRun': '0'}, {'Avg': '0.235', 'Hit': '69', 'HomeRun': '13'}]"
허경민,https://6ptotvmi5753.edge.naverncp.com/KBO_IMAGE/person/middle/2025/79240.jpg,13,내야수(우투우타),176cm/69kg,"[{'Year': '2012', 'Team': '두산', 'Avg': '0.266', 'Hit': '41', 'HomeRun': '0'}, {'Year': '2013', 'Team': '두산', 'Avg': '0.298', 'Hit': '68', 'HomeRun': '1'}, {'Year': '2014', 'Team': '두산', 'Avg': '0.247', 'Hit': '49', 'HomeRun': '0'}, {'Year': '2015', 'Team': '두산', 'Avg': '0.317', 'Hit': '128', 'HomeRun': '1'}, {'Year': '2016', 'Team': '두산', 'Avg': '0.286', 'Hit': '154', 'HomeRun': '7'}, {'Year': '2017', 'Team': '두산', 'Avg': '0.257', 'Hit': '95', 'HomeRun': '3'}, {'Year': '2018', 'Team': '두산', 'Avg': '0.324', 'Hit': '167', 'HomeRun': '10'}, {'Year': '2019', 'Team': '두산', 'Avg': '0.288', 'Hit': '137', 'HomeRun': '4'}, {'Year': '2020', 'Team': '두산', 'Avg': '0.332', 'Hit': '145', 'HomeRun': '7'}, {'Year': '2021', 'Team': '두산', 'Avg': '0.278', 'Hit': '130', 'HomeRun': '5'}, {'Year': '2022', 'Team': '두산', 'Avg': '0.289', 'Hit': '125', 'HomeRun': '8'}, {'Year': '2023', 'Team': '두산', 'Avg': '0.268', 'Hit': '115', 'HomeRun': '7'}, {'Year': '2024', 'Team': '두산', 'Avg': '0.309', 'Hit': '129', 'HomeRun': '7'}, {'Year': '2025', 'Team': 'KT', 'Avg': '0.249', 'Hit': '52', 'HomeRun': '1'}, {'Avg': '0.291', 'Hit': '1535', 'HomeRun': '276'}]"
황재균,https://6ptotvmi5753.edge.naverncp.com/KBO_IMAGE/person/middle/2025/76313.jpg,10,내야수(우투우타),183cm/96kg,"[{'Year': '2007', 'Team': '현대', 'Avg': '0.300', 'Hit': '48', 'HomeRun': '2'}, {'Year': '2008', 'Team': '우리', 'Avg': '0.239', 'Hit': '73', 'HomeRun': '1'}, {'Year': '2009', 'Team': '히어로즈', 'Avg': '0.284', 'Hit': '152', 'HomeRun': '18'}, {'Year': '2010', 'Team': '롯데', 'Avg': '0.225', 'Hit': '69', 'HomeRun': '6'}, {'Year': '2011', 'Team': '롯데', 'Avg': '0.289', 'Hit': '115', 'HomeRun': '12'}, {'Year': '2012', 'Team': '롯데', 'Avg': '0.272', 'Hit': '122', 'HomeRun': '4'}, {'Year': '2013', 'Team': '롯데', 'Avg': '0.274', 'Hit': '134', 'HomeRun': '7'}, {'Year': '2014', 'Team': '롯데', 'Avg': '0.321', 'Hit': '156', 'HomeRun': '12'}, {'Year': '2015', 'Team': '롯데', 'Avg': '0.290', 'Hit': '155', 'HomeRun': '26'}, {'Year': '2016', 'Team': '롯데', 'Avg': '0.335', 'Hit': '167', 'HomeRun': '27'}, {'Year': '2018', 'Team': 'KT', 'Avg': '0.296', 'Hit': '157', 'HomeRun': '25'}, {'Year': '2019', 'Team': 'KT', 'Avg': '0.283', 'Hit': '127', 'HomeRun': '20'}, {'Year': '2020', 'Team': 'KT', 'Avg': '0.312', 'Hit': '169', 'HomeRun': '21'}, {'Year': '2021', 'Team': 'KT', 'Avg': '0.291', 'Hit': '132', 'HomeRun': '10'}, {'Year': '2022', 'Team': 'KT', 'Avg': '0.262', 'Hit': '136', 'HomeRun': '10'}, {'Year': '2023', 'Team': 'KT', 'Avg': '0.295', 'Hit': '120', 'HomeRun': '6'}, {'Year': '2024', 'Team': 'KT', 'Avg': '0.260', 'Hit': '128', 'HomeRun': '13'}, {'Year': '2025', 'Team': 'KT', 'Avg': '0.311', 'Hit': '56', 'HomeRun': '2'}, {'Avg': '0.287', 'Hit': '2216', 'HomeRun': '413'}]"
로하스,https://6ptotvmi5753.edge.naverncp.com/KBO_IMAGE/person/middle/2025/67025.jpg,3,외야수(우투양타),189cm/102kg,"[{'Year': '2017', 'Team': 'KT', 'Avg': '0.301', 'Hit': '101', 'HomeRun': '18'}, {'Year': '2018', 'Team': 'KT', 'Avg': '0.305', 'Hit': '172', 'HomeRun': '43'}, {'Year': '2019', 'Team': 'KT', 'Avg': '0.322', 'Hit': '168', 'HomeRun': '24'}, {'Year': '2020', 'Team': 'KT', 'Avg': '0.349', 'Hit': '192', 'HomeRun': '47'}, {'Year': '2024', 'Team': 'KT', 'Avg': '0.329', 'Hit': '188', 'HomeRun': '32'}, {'Year': '2025', 'Team': 'KT', 'Avg': '0.259', 'Hit': '73', 'HomeRun': '11'}, {'Avg': '0.316', 'Hit': '894', 'HomeRun': '183'}]"
배정대,https://6ptotvmi5753.edge.naverncp.com/KBO_IMAGE/person/middle/2025/64166.jpg,27,외야수(우투우타),185cm/80kg,"[{'Year': '2015', 'Team': 'KT', 'Avg': '0.092', 'Hit': '6', 'HomeRun': '1'}, {'Year': '2016', 'Team': 'KT', 'Avg': '0.260', 'Hit': '13', 'HomeRun': '0'}, {'Year': '2018', 'Team': 'KT', 'Avg': '0.200', 'Hit': '1', 'HomeRun': '0'}, {'Year': '2019', 'Team': 'KT', 'Avg': '0.203', 'Hit': '15', 'HomeRun': '0'}, {'Year': '2020', 'Team': 'KT', 'Avg': '0.289', 'Hit': '154', 'HomeRun': '13'}, {'Year': '2021', 'Team': 'KT', 'Avg': '0.259', 'Hit': '132', 'HomeRun': '12'}, {'Year': '2022', 'Team': 'KT', 'Avg': '0.266', 'Hit': '135', 'HomeRun': '6'}, {'Year': '2023', 'Team': 'KT', 'Avg': '0.277', 'Hit': '86', 'HomeRun': '2'}, {'Year': '2024', 'Team': 'KT', 'Avg': '0.275', 'Hit': '111', 'HomeRun': '7'}, {'Year': '2025', 'Team': 'KT', 'Avg': '0.216', 'Hit': '46', 'HomeRun': '2'}, {'Avg': '0.262', 'Hit': '699', 'HomeRun': '130'}]"
김상수,https://6ptotvmi5753.edge.naverncp.com/KBO_IMAGE/person/middle/2025/79402.jpg,7,내야수(우투우타),175cm/68kg,"[{'Year': '2009', 'Team': '삼성', 'Avg': '0.244', 'Hit': '59', 'HomeRun': '0'}, {'Year': '2010', 'Team': '삼성', 'Avg': '0.245', 'Hit': '69', 'HomeRun': '0'}, {'Year': '2011', 'Team': '삼성', 'Avg': '0.278', 'Hit': '113', 'HomeRun': '2'}, {'Year': '2012', 'Team': '삼성', 'Avg': '0.274', 'Hit': '115', 'HomeRun': '2'}, {'Year': '2013', 'Team': '삼성', 'Avg': '0.298', 'Hit': '111', 'HomeRun': '7'}, {'Year': '2014', 'Team': '삼성', 'Avg': '0.288', 'Hit': '123', 'HomeRun': '5'}, {'Year': '2015', 'Team': '삼성', 'Avg': '0.278', 'Hit': '125', 'HomeRun': '8'}, {'Year': '2016', 'Team': '삼성', 'Avg': '0.271', 'Hit': '97', 'HomeRun': '3'}, {'Year': '2017', 'Team': '삼성', 'Avg': '0.264', 'Hit': '38', 'HomeRun': '3'}, {'Year': '2018', 'Team': '삼성', 'Avg': '0.263', 'Hit': '119', 'HomeRun': '10'}, {'Year': '2019', 'Team': '삼성', 'Avg': '0.271', 'Hit': '127', 'HomeRun': '5'}, {'Year': '2020', 'Team': '삼성', 'Avg': '0.304', 'Hit': '123', 'HomeRun': '5'}, {'Year': '2021', 'Team': '삼성', 'Avg': '0.235', 'Hit': '101', 'HomeRun': '3'}, {'Year': '2022', 'Team': '삼성', 'Avg': '0.251', 'Hit': '59', 'HomeRun': '2'}, {'Year': '2023', 'Team': 'KT', 'Avg': '0.271', 'Hit': '120', 'HomeRun': '3'}, {'Year': '2024', 'Team': 'KT', 'Avg': '0.276', 'Hit': '102', 'HomeRun': '4'}, {'Year': '2025', 'Team': 'KT', 'Avg': '0.270', 'Hit': '50', 'HomeRun': '3'}, {'Avg': '0.271', 'Hit': '1651', 'HomeRun': '271'}]"
김민혁,https://6ptotvmi5753.edge.naverncp.com/KBO_IMAGE/person/middle/2025/64004.jpg,53,외야수(우투좌타),181cm/71kg,"[{'Year': '2015', 'Team': 'KT', 'Avg': '0.276', 'Hit': '43', 'HomeRun': '0'}, {'Year': '2016', 'Team': 'KT', 'Avg': '0.103', 'Hit': '3', 'HomeRun': '0'}, {'Year': '2019', 'Team': 'KT', 'Avg': '0.281', 'Hit': '131', 'HomeRun': '0'}, {'Year': '2020', 'Team': 'KT', 'Avg': '0.239', 'Hit': '53', 'HomeRun': '5'}, {'Year': '2021', 'Team': 'KT', 'Avg': '0.320', 'Hit': '55', 'HomeRun': '1'}, {'Year': '2022', 'Team': 'KT', 'Avg': '0.284', 'Hit': '106', 'HomeRun': '0'}, {'Year': '2023', 'Team': 'KT', 'Avg': '0.297', 'Hit': '118', 'HomeRun': '3'}, {'Year': '2024', 'Team': 'KT', 'Avg': '0.353', 'Hit': '124', 'HomeRun': '1'}, {'Year': '2025', 'Team': 'KT', 'Avg': '0.288', 'Hit': '76', 'HomeRun': '0'}, {'Avg': '0.292', 'Hit': '709', 'HomeRun': '75'}]"
